/*
 Navicat MySQL Data Transfer

 Source Server         : localhost_3306
 Source Server Type    : MySQL
 Source Server Version : 80018
 Source Host           : localhost:3306
 Source Schema         : project

 Target Server Type    : MySQL
 Target Server Version : 80018
 File Encoding         : 65001

 Date: 26/11/2019 12:16:11
*/

SET NAMES utf8mb4;
SET FOREIGN_KEY_CHECKS = 0;

-- ----------------------------
-- Table structure for attendence_owned
-- ----------------------------
DROP TABLE IF EXISTS `attendence_owned`;
CREATE TABLE `attendence_owned`  (
  `aid` int(11) NOT NULL,
  `eid` int(11) NOT NULL,
  `off_work` int(11) NULL DEFAULT NULL,
  `on_work` int(11) NULL DEFAULT NULL,
  PRIMARY KEY (`aid`, `eid`) USING BTREE,
  INDEX `eid`(`eid`) USING BTREE,
  CONSTRAINT `attendence_owned_ibfk_1` FOREIGN KEY (`eid`) REFERENCES `employees` (`eid`) ON DELETE CASCADE ON UPDATE RESTRICT
) ENGINE = InnoDB CHARACTER SET = utf8mb4 COLLATE = utf8mb4_0900_ai_ci ROW_FORMAT = Dynamic;

-- ----------------------------
-- Records of attendence_owned
-- ----------------------------
INSERT INTO `attendence_owned` VALUES (2016, 1001, 4, 361);
INSERT INTO `attendence_owned` VALUES (2016, 1002, 9, 356);
INSERT INTO `attendence_owned` VALUES (2016, 1003, 5, 360);
INSERT INTO `attendence_owned` VALUES (2016, 1004, 6, 359);
INSERT INTO `attendence_owned` VALUES (2016, 1005, 14, 351);
INSERT INTO `attendence_owned` VALUES (2016, 1006, 10, 355);
INSERT INTO `attendence_owned` VALUES (2016, 1007, 13, 352);
INSERT INTO `attendence_owned` VALUES (2016, 1008, 9, 356);
INSERT INTO `attendence_owned` VALUES (2016, 1009, 12, 353);
INSERT INTO `attendence_owned` VALUES (2016, 1010, 0, 365);
INSERT INTO `attendence_owned` VALUES (2016, 1011, 3, 362);
INSERT INTO `attendence_owned` VALUES (2016, 1012, 3, 362);
INSERT INTO `attendence_owned` VALUES (2016, 1013, 0, 365);
INSERT INTO `attendence_owned` VALUES (2016, 1014, 3, 362);
INSERT INTO `attendence_owned` VALUES (2016, 1015, 9, 356);
INSERT INTO `attendence_owned` VALUES (2016, 1016, 13, 352);
INSERT INTO `attendence_owned` VALUES (2016, 1017, 0, 365);
INSERT INTO `attendence_owned` VALUES (2016, 1018, 9, 356);
INSERT INTO `attendence_owned` VALUES (2016, 1019, 14, 351);
INSERT INTO `attendence_owned` VALUES (2016, 1020, 14, 351);
INSERT INTO `attendence_owned` VALUES (2016, 1021, 9, 356);
INSERT INTO `attendence_owned` VALUES (2016, 1022, 1, 364);
INSERT INTO `attendence_owned` VALUES (2016, 1023, 5, 360);
INSERT INTO `attendence_owned` VALUES (2016, 1024, 9, 356);
INSERT INTO `attendence_owned` VALUES (2016, 1025, 9, 356);
INSERT INTO `attendence_owned` VALUES (2016, 1026, 11, 354);
INSERT INTO `attendence_owned` VALUES (2016, 1027, 14, 351);
INSERT INTO `attendence_owned` VALUES (2016, 1028, 11, 354);
INSERT INTO `attendence_owned` VALUES (2016, 1029, 10, 355);
INSERT INTO `attendence_owned` VALUES (2016, 1030, 11, 354);
INSERT INTO `attendence_owned` VALUES (2016, 1031, 9, 356);
INSERT INTO `attendence_owned` VALUES (2016, 1032, 0, 365);
INSERT INTO `attendence_owned` VALUES (2016, 1033, 12, 353);
INSERT INTO `attendence_owned` VALUES (2016, 1034, 3, 362);
INSERT INTO `attendence_owned` VALUES (2016, 1035, 10, 355);
INSERT INTO `attendence_owned` VALUES (2016, 1036, 8, 357);
INSERT INTO `attendence_owned` VALUES (2016, 1037, 13, 352);
INSERT INTO `attendence_owned` VALUES (2016, 1038, 4, 361);
INSERT INTO `attendence_owned` VALUES (2016, 1039, 13, 352);
INSERT INTO `attendence_owned` VALUES (2016, 1040, 9, 356);
INSERT INTO `attendence_owned` VALUES (2016, 1041, 13, 352);
INSERT INTO `attendence_owned` VALUES (2016, 1042, 10, 355);
INSERT INTO `attendence_owned` VALUES (2016, 1043, 2, 363);
INSERT INTO `attendence_owned` VALUES (2016, 1044, 12, 353);
INSERT INTO `attendence_owned` VALUES (2016, 1045, 6, 359);
INSERT INTO `attendence_owned` VALUES (2016, 1046, 9, 356);
INSERT INTO `attendence_owned` VALUES (2016, 1047, 14, 351);
INSERT INTO `attendence_owned` VALUES (2016, 1048, 14, 351);
INSERT INTO `attendence_owned` VALUES (2016, 1049, 8, 357);
INSERT INTO `attendence_owned` VALUES (2016, 1050, 5, 360);
INSERT INTO `attendence_owned` VALUES (2016, 1051, 11, 354);
INSERT INTO `attendence_owned` VALUES (2016, 1052, 14, 351);
INSERT INTO `attendence_owned` VALUES (2016, 1053, 9, 356);
INSERT INTO `attendence_owned` VALUES (2016, 1054, 13, 352);
INSERT INTO `attendence_owned` VALUES (2016, 1055, 12, 353);
INSERT INTO `attendence_owned` VALUES (2016, 1056, 6, 359);
INSERT INTO `attendence_owned` VALUES (2016, 1057, 5, 360);
INSERT INTO `attendence_owned` VALUES (2016, 1058, 7, 358);
INSERT INTO `attendence_owned` VALUES (2016, 1059, 7, 358);
INSERT INTO `attendence_owned` VALUES (2016, 1060, 2, 363);
INSERT INTO `attendence_owned` VALUES (2016, 1061, 14, 351);
INSERT INTO `attendence_owned` VALUES (2016, 1062, 13, 352);
INSERT INTO `attendence_owned` VALUES (2016, 1063, 5, 360);
INSERT INTO `attendence_owned` VALUES (2016, 1064, 1, 364);
INSERT INTO `attendence_owned` VALUES (2016, 1065, 7, 358);
INSERT INTO `attendence_owned` VALUES (2016, 1066, 13, 352);
INSERT INTO `attendence_owned` VALUES (2016, 1067, 13, 352);
INSERT INTO `attendence_owned` VALUES (2016, 1068, 8, 357);
INSERT INTO `attendence_owned` VALUES (2016, 1069, 11, 354);
INSERT INTO `attendence_owned` VALUES (2016, 1070, 5, 360);
INSERT INTO `attendence_owned` VALUES (2016, 1071, 6, 359);
INSERT INTO `attendence_owned` VALUES (2016, 1072, 11, 354);
INSERT INTO `attendence_owned` VALUES (2016, 1073, 14, 351);
INSERT INTO `attendence_owned` VALUES (2016, 1074, 11, 354);
INSERT INTO `attendence_owned` VALUES (2016, 1075, 0, 365);
INSERT INTO `attendence_owned` VALUES (2016, 1076, 4, 361);
INSERT INTO `attendence_owned` VALUES (2016, 1077, 10, 355);
INSERT INTO `attendence_owned` VALUES (2016, 1078, 14, 351);
INSERT INTO `attendence_owned` VALUES (2016, 1079, 6, 359);
INSERT INTO `attendence_owned` VALUES (2016, 1080, 7, 358);
INSERT INTO `attendence_owned` VALUES (2016, 1081, 7, 358);
INSERT INTO `attendence_owned` VALUES (2016, 1082, 3, 362);
INSERT INTO `attendence_owned` VALUES (2016, 1083, 2, 363);
INSERT INTO `attendence_owned` VALUES (2016, 1084, 5, 360);
INSERT INTO `attendence_owned` VALUES (2016, 1085, 14, 351);
INSERT INTO `attendence_owned` VALUES (2016, 1086, 13, 352);
INSERT INTO `attendence_owned` VALUES (2016, 1087, 6, 359);
INSERT INTO `attendence_owned` VALUES (2016, 1088, 14, 351);
INSERT INTO `attendence_owned` VALUES (2016, 1089, 9, 356);
INSERT INTO `attendence_owned` VALUES (2016, 1090, 8, 357);
INSERT INTO `attendence_owned` VALUES (2016, 1091, 1, 364);
INSERT INTO `attendence_owned` VALUES (2016, 1092, 1, 364);
INSERT INTO `attendence_owned` VALUES (2016, 1093, 0, 365);
INSERT INTO `attendence_owned` VALUES (2016, 1094, 9, 356);
INSERT INTO `attendence_owned` VALUES (2016, 1095, 0, 365);
INSERT INTO `attendence_owned` VALUES (2016, 1096, 8, 357);
INSERT INTO `attendence_owned` VALUES (2016, 1097, 3, 362);
INSERT INTO `attendence_owned` VALUES (2016, 1098, 9, 356);
INSERT INTO `attendence_owned` VALUES (2016, 1099, 0, 365);
INSERT INTO `attendence_owned` VALUES (2016, 1100, 12, 353);
INSERT INTO `attendence_owned` VALUES (2016, 1101, 5, 360);
INSERT INTO `attendence_owned` VALUES (2016, 1102, 0, 365);
INSERT INTO `attendence_owned` VALUES (2016, 1103, 5, 360);
INSERT INTO `attendence_owned` VALUES (2016, 1104, 4, 361);
INSERT INTO `attendence_owned` VALUES (2016, 1105, 11, 354);
INSERT INTO `attendence_owned` VALUES (2016, 1106, 2, 363);
INSERT INTO `attendence_owned` VALUES (2016, 1107, 11, 354);
INSERT INTO `attendence_owned` VALUES (2016, 1108, 5, 360);
INSERT INTO `attendence_owned` VALUES (2016, 1109, 0, 365);
INSERT INTO `attendence_owned` VALUES (2016, 1110, 6, 359);
INSERT INTO `attendence_owned` VALUES (2016, 1111, 7, 358);
INSERT INTO `attendence_owned` VALUES (2016, 1112, 2, 363);
INSERT INTO `attendence_owned` VALUES (2016, 1113, 13, 352);
INSERT INTO `attendence_owned` VALUES (2016, 1114, 10, 355);
INSERT INTO `attendence_owned` VALUES (2016, 1115, 7, 358);
INSERT INTO `attendence_owned` VALUES (2016, 1116, 14, 351);
INSERT INTO `attendence_owned` VALUES (2016, 1117, 7, 358);
INSERT INTO `attendence_owned` VALUES (2016, 1118, 11, 354);
INSERT INTO `attendence_owned` VALUES (2016, 1119, 12, 353);
INSERT INTO `attendence_owned` VALUES (2016, 1120, 5, 360);
INSERT INTO `attendence_owned` VALUES (2016, 1121, 1, 364);
INSERT INTO `attendence_owned` VALUES (2016, 1122, 12, 353);
INSERT INTO `attendence_owned` VALUES (2016, 1123, 2, 363);
INSERT INTO `attendence_owned` VALUES (2016, 1124, 12, 353);
INSERT INTO `attendence_owned` VALUES (2016, 1125, 12, 353);
INSERT INTO `attendence_owned` VALUES (2016, 1126, 12, 353);
INSERT INTO `attendence_owned` VALUES (2016, 1127, 4, 361);
INSERT INTO `attendence_owned` VALUES (2016, 1128, 8, 357);
INSERT INTO `attendence_owned` VALUES (2016, 1129, 13, 352);
INSERT INTO `attendence_owned` VALUES (2016, 1130, 12, 353);
INSERT INTO `attendence_owned` VALUES (2016, 1131, 7, 358);
INSERT INTO `attendence_owned` VALUES (2016, 1132, 13, 352);
INSERT INTO `attendence_owned` VALUES (2016, 1133, 2, 363);
INSERT INTO `attendence_owned` VALUES (2016, 1134, 14, 351);
INSERT INTO `attendence_owned` VALUES (2016, 1135, 0, 365);
INSERT INTO `attendence_owned` VALUES (2016, 1136, 0, 365);
INSERT INTO `attendence_owned` VALUES (2016, 1137, 6, 359);
INSERT INTO `attendence_owned` VALUES (2016, 1138, 7, 358);
INSERT INTO `attendence_owned` VALUES (2016, 1139, 5, 360);
INSERT INTO `attendence_owned` VALUES (2016, 1140, 4, 361);
INSERT INTO `attendence_owned` VALUES (2016, 1141, 3, 362);
INSERT INTO `attendence_owned` VALUES (2016, 1142, 4, 361);
INSERT INTO `attendence_owned` VALUES (2016, 1143, 14, 351);
INSERT INTO `attendence_owned` VALUES (2016, 1144, 7, 358);
INSERT INTO `attendence_owned` VALUES (2016, 1145, 6, 359);
INSERT INTO `attendence_owned` VALUES (2016, 1146, 9, 356);
INSERT INTO `attendence_owned` VALUES (2016, 1147, 14, 351);
INSERT INTO `attendence_owned` VALUES (2016, 1148, 13, 352);
INSERT INTO `attendence_owned` VALUES (2016, 1149, 14, 351);
INSERT INTO `attendence_owned` VALUES (2016, 1150, 2, 363);
INSERT INTO `attendence_owned` VALUES (2016, 1151, 13, 352);
INSERT INTO `attendence_owned` VALUES (2016, 1152, 7, 358);
INSERT INTO `attendence_owned` VALUES (2016, 1153, 2, 363);
INSERT INTO `attendence_owned` VALUES (2016, 1154, 0, 365);
INSERT INTO `attendence_owned` VALUES (2016, 1155, 0, 365);
INSERT INTO `attendence_owned` VALUES (2016, 1156, 4, 361);
INSERT INTO `attendence_owned` VALUES (2016, 1157, 13, 352);
INSERT INTO `attendence_owned` VALUES (2016, 1158, 1, 364);
INSERT INTO `attendence_owned` VALUES (2016, 1159, 14, 351);
INSERT INTO `attendence_owned` VALUES (2016, 1160, 14, 351);
INSERT INTO `attendence_owned` VALUES (2016, 1161, 2, 363);
INSERT INTO `attendence_owned` VALUES (2016, 1162, 0, 365);
INSERT INTO `attendence_owned` VALUES (2016, 1163, 0, 365);
INSERT INTO `attendence_owned` VALUES (2016, 1164, 12, 353);
INSERT INTO `attendence_owned` VALUES (2016, 1165, 8, 357);
INSERT INTO `attendence_owned` VALUES (2016, 1166, 13, 352);
INSERT INTO `attendence_owned` VALUES (2016, 1167, 7, 358);
INSERT INTO `attendence_owned` VALUES (2016, 1168, 10, 355);
INSERT INTO `attendence_owned` VALUES (2016, 1169, 7, 358);
INSERT INTO `attendence_owned` VALUES (2016, 1170, 11, 354);
INSERT INTO `attendence_owned` VALUES (2016, 1171, 1, 364);
INSERT INTO `attendence_owned` VALUES (2016, 1172, 10, 355);
INSERT INTO `attendence_owned` VALUES (2016, 1173, 0, 365);
INSERT INTO `attendence_owned` VALUES (2016, 1174, 9, 356);
INSERT INTO `attendence_owned` VALUES (2016, 1175, 1, 364);
INSERT INTO `attendence_owned` VALUES (2016, 1176, 14, 351);
INSERT INTO `attendence_owned` VALUES (2016, 1177, 7, 358);
INSERT INTO `attendence_owned` VALUES (2016, 1178, 4, 361);
INSERT INTO `attendence_owned` VALUES (2016, 1179, 11, 354);
INSERT INTO `attendence_owned` VALUES (2016, 1180, 11, 354);
INSERT INTO `attendence_owned` VALUES (2016, 1181, 13, 352);
INSERT INTO `attendence_owned` VALUES (2016, 1182, 9, 356);
INSERT INTO `attendence_owned` VALUES (2016, 1183, 7, 358);
INSERT INTO `attendence_owned` VALUES (2016, 1184, 14, 351);
INSERT INTO `attendence_owned` VALUES (2016, 1185, 14, 351);
INSERT INTO `attendence_owned` VALUES (2016, 1186, 8, 357);
INSERT INTO `attendence_owned` VALUES (2016, 1187, 11, 354);
INSERT INTO `attendence_owned` VALUES (2016, 1188, 0, 365);
INSERT INTO `attendence_owned` VALUES (2016, 1189, 6, 359);
INSERT INTO `attendence_owned` VALUES (2016, 1190, 8, 357);
INSERT INTO `attendence_owned` VALUES (2016, 1191, 9, 356);
INSERT INTO `attendence_owned` VALUES (2016, 1192, 12, 353);
INSERT INTO `attendence_owned` VALUES (2016, 1193, 4, 361);
INSERT INTO `attendence_owned` VALUES (2016, 1194, 11, 354);
INSERT INTO `attendence_owned` VALUES (2016, 1195, 5, 360);
INSERT INTO `attendence_owned` VALUES (2016, 1196, 5, 360);
INSERT INTO `attendence_owned` VALUES (2016, 1197, 1, 364);
INSERT INTO `attendence_owned` VALUES (2016, 1198, 11, 354);
INSERT INTO `attendence_owned` VALUES (2016, 1199, 1, 364);
INSERT INTO `attendence_owned` VALUES (2016, 1200, 1, 364);
INSERT INTO `attendence_owned` VALUES (2016, 1201, 2, 363);
INSERT INTO `attendence_owned` VALUES (2016, 1202, 9, 356);
INSERT INTO `attendence_owned` VALUES (2016, 1203, 12, 353);
INSERT INTO `attendence_owned` VALUES (2016, 1204, 4, 361);
INSERT INTO `attendence_owned` VALUES (2016, 1205, 7, 358);
INSERT INTO `attendence_owned` VALUES (2016, 1206, 9, 356);
INSERT INTO `attendence_owned` VALUES (2016, 1207, 0, 365);
INSERT INTO `attendence_owned` VALUES (2016, 1208, 6, 359);
INSERT INTO `attendence_owned` VALUES (2016, 1209, 11, 354);
INSERT INTO `attendence_owned` VALUES (2016, 1210, 7, 358);
INSERT INTO `attendence_owned` VALUES (2016, 1211, 5, 360);
INSERT INTO `attendence_owned` VALUES (2016, 1212, 7, 358);
INSERT INTO `attendence_owned` VALUES (2016, 1213, 12, 353);
INSERT INTO `attendence_owned` VALUES (2016, 1214, 5, 360);
INSERT INTO `attendence_owned` VALUES (2016, 1215, 8, 357);
INSERT INTO `attendence_owned` VALUES (2016, 1216, 3, 362);
INSERT INTO `attendence_owned` VALUES (2016, 1217, 4, 361);
INSERT INTO `attendence_owned` VALUES (2016, 1218, 10, 355);
INSERT INTO `attendence_owned` VALUES (2016, 1219, 2, 363);
INSERT INTO `attendence_owned` VALUES (2016, 1220, 8, 357);
INSERT INTO `attendence_owned` VALUES (2016, 1221, 8, 357);
INSERT INTO `attendence_owned` VALUES (2016, 1222, 4, 361);
INSERT INTO `attendence_owned` VALUES (2016, 1223, 2, 363);
INSERT INTO `attendence_owned` VALUES (2016, 1224, 2, 363);
INSERT INTO `attendence_owned` VALUES (2016, 1225, 14, 351);
INSERT INTO `attendence_owned` VALUES (2016, 1226, 11, 354);
INSERT INTO `attendence_owned` VALUES (2016, 1227, 8, 357);
INSERT INTO `attendence_owned` VALUES (2016, 1228, 1, 364);
INSERT INTO `attendence_owned` VALUES (2016, 1229, 7, 358);
INSERT INTO `attendence_owned` VALUES (2016, 1230, 6, 359);
INSERT INTO `attendence_owned` VALUES (2016, 1231, 4, 361);
INSERT INTO `attendence_owned` VALUES (2016, 1232, 13, 352);
INSERT INTO `attendence_owned` VALUES (2016, 1233, 2, 363);
INSERT INTO `attendence_owned` VALUES (2016, 1234, 13, 352);
INSERT INTO `attendence_owned` VALUES (2016, 1235, 10, 355);
INSERT INTO `attendence_owned` VALUES (2016, 1236, 4, 361);
INSERT INTO `attendence_owned` VALUES (2016, 1237, 10, 355);
INSERT INTO `attendence_owned` VALUES (2016, 1238, 0, 365);
INSERT INTO `attendence_owned` VALUES (2016, 1239, 14, 351);
INSERT INTO `attendence_owned` VALUES (2016, 1240, 6, 359);
INSERT INTO `attendence_owned` VALUES (2016, 1241, 0, 365);
INSERT INTO `attendence_owned` VALUES (2016, 1242, 4, 361);
INSERT INTO `attendence_owned` VALUES (2016, 1243, 6, 359);
INSERT INTO `attendence_owned` VALUES (2016, 1244, 9, 356);
INSERT INTO `attendence_owned` VALUES (2016, 1245, 8, 357);
INSERT INTO `attendence_owned` VALUES (2016, 1246, 7, 358);
INSERT INTO `attendence_owned` VALUES (2016, 1247, 13, 352);
INSERT INTO `attendence_owned` VALUES (2016, 1248, 12, 353);
INSERT INTO `attendence_owned` VALUES (2016, 1249, 14, 351);
INSERT INTO `attendence_owned` VALUES (2016, 1250, 12, 353);
INSERT INTO `attendence_owned` VALUES (2016, 1251, 14, 351);
INSERT INTO `attendence_owned` VALUES (2016, 1252, 10, 355);
INSERT INTO `attendence_owned` VALUES (2017, 1001, 6, 359);
INSERT INTO `attendence_owned` VALUES (2017, 1002, 6, 359);
INSERT INTO `attendence_owned` VALUES (2017, 1003, 10, 355);
INSERT INTO `attendence_owned` VALUES (2017, 1004, 3, 362);
INSERT INTO `attendence_owned` VALUES (2017, 1005, 10, 355);
INSERT INTO `attendence_owned` VALUES (2017, 1006, 9, 356);
INSERT INTO `attendence_owned` VALUES (2017, 1007, 5, 360);
INSERT INTO `attendence_owned` VALUES (2017, 1008, 10, 355);
INSERT INTO `attendence_owned` VALUES (2017, 1009, 7, 358);
INSERT INTO `attendence_owned` VALUES (2017, 1010, 12, 353);
INSERT INTO `attendence_owned` VALUES (2017, 1011, 10, 355);
INSERT INTO `attendence_owned` VALUES (2017, 1012, 2, 363);
INSERT INTO `attendence_owned` VALUES (2017, 1013, 0, 365);
INSERT INTO `attendence_owned` VALUES (2017, 1014, 7, 358);
INSERT INTO `attendence_owned` VALUES (2017, 1015, 12, 353);
INSERT INTO `attendence_owned` VALUES (2017, 1016, 7, 358);
INSERT INTO `attendence_owned` VALUES (2017, 1017, 1, 364);
INSERT INTO `attendence_owned` VALUES (2017, 1018, 2, 363);
INSERT INTO `attendence_owned` VALUES (2017, 1019, 13, 352);
INSERT INTO `attendence_owned` VALUES (2017, 1020, 13, 352);
INSERT INTO `attendence_owned` VALUES (2017, 1021, 1, 364);
INSERT INTO `attendence_owned` VALUES (2017, 1022, 13, 352);
INSERT INTO `attendence_owned` VALUES (2017, 1023, 8, 357);
INSERT INTO `attendence_owned` VALUES (2017, 1024, 5, 360);
INSERT INTO `attendence_owned` VALUES (2017, 1025, 0, 365);
INSERT INTO `attendence_owned` VALUES (2017, 1026, 5, 360);
INSERT INTO `attendence_owned` VALUES (2017, 1027, 2, 363);
INSERT INTO `attendence_owned` VALUES (2017, 1028, 9, 356);
INSERT INTO `attendence_owned` VALUES (2017, 1029, 3, 362);
INSERT INTO `attendence_owned` VALUES (2017, 1030, 3, 362);
INSERT INTO `attendence_owned` VALUES (2017, 1031, 10, 355);
INSERT INTO `attendence_owned` VALUES (2017, 1032, 12, 353);
INSERT INTO `attendence_owned` VALUES (2017, 1033, 1, 364);
INSERT INTO `attendence_owned` VALUES (2017, 1034, 7, 358);
INSERT INTO `attendence_owned` VALUES (2017, 1035, 7, 358);
INSERT INTO `attendence_owned` VALUES (2017, 1036, 10, 355);
INSERT INTO `attendence_owned` VALUES (2017, 1037, 10, 355);
INSERT INTO `attendence_owned` VALUES (2017, 1038, 1, 364);
INSERT INTO `attendence_owned` VALUES (2017, 1039, 12, 353);
INSERT INTO `attendence_owned` VALUES (2017, 1040, 4, 361);
INSERT INTO `attendence_owned` VALUES (2017, 1041, 2, 363);
INSERT INTO `attendence_owned` VALUES (2017, 1042, 4, 361);
INSERT INTO `attendence_owned` VALUES (2017, 1043, 9, 356);
INSERT INTO `attendence_owned` VALUES (2017, 1044, 3, 362);
INSERT INTO `attendence_owned` VALUES (2017, 1045, 6, 359);
INSERT INTO `attendence_owned` VALUES (2017, 1046, 5, 360);
INSERT INTO `attendence_owned` VALUES (2017, 1047, 13, 352);
INSERT INTO `attendence_owned` VALUES (2017, 1048, 14, 351);
INSERT INTO `attendence_owned` VALUES (2017, 1049, 7, 358);
INSERT INTO `attendence_owned` VALUES (2017, 1050, 3, 362);
INSERT INTO `attendence_owned` VALUES (2017, 1051, 8, 357);
INSERT INTO `attendence_owned` VALUES (2017, 1052, 4, 361);
INSERT INTO `attendence_owned` VALUES (2017, 1053, 8, 357);
INSERT INTO `attendence_owned` VALUES (2017, 1054, 14, 351);
INSERT INTO `attendence_owned` VALUES (2017, 1055, 13, 352);
INSERT INTO `attendence_owned` VALUES (2017, 1056, 4, 361);
INSERT INTO `attendence_owned` VALUES (2017, 1057, 11, 354);
INSERT INTO `attendence_owned` VALUES (2017, 1058, 14, 351);
INSERT INTO `attendence_owned` VALUES (2017, 1059, 4, 361);
INSERT INTO `attendence_owned` VALUES (2017, 1060, 10, 355);
INSERT INTO `attendence_owned` VALUES (2017, 1061, 13, 352);
INSERT INTO `attendence_owned` VALUES (2017, 1062, 0, 365);
INSERT INTO `attendence_owned` VALUES (2017, 1063, 9, 356);
INSERT INTO `attendence_owned` VALUES (2017, 1064, 3, 362);
INSERT INTO `attendence_owned` VALUES (2017, 1065, 3, 362);
INSERT INTO `attendence_owned` VALUES (2017, 1066, 0, 365);
INSERT INTO `attendence_owned` VALUES (2017, 1067, 4, 361);
INSERT INTO `attendence_owned` VALUES (2017, 1068, 4, 361);
INSERT INTO `attendence_owned` VALUES (2017, 1069, 10, 355);
INSERT INTO `attendence_owned` VALUES (2017, 1070, 1, 364);
INSERT INTO `attendence_owned` VALUES (2017, 1071, 4, 361);
INSERT INTO `attendence_owned` VALUES (2017, 1072, 0, 365);
INSERT INTO `attendence_owned` VALUES (2017, 1073, 2, 363);
INSERT INTO `attendence_owned` VALUES (2017, 1074, 5, 360);
INSERT INTO `attendence_owned` VALUES (2017, 1075, 13, 352);
INSERT INTO `attendence_owned` VALUES (2017, 1076, 12, 353);
INSERT INTO `attendence_owned` VALUES (2017, 1077, 7, 358);
INSERT INTO `attendence_owned` VALUES (2017, 1078, 9, 356);
INSERT INTO `attendence_owned` VALUES (2017, 1079, 6, 359);
INSERT INTO `attendence_owned` VALUES (2017, 1080, 3, 362);
INSERT INTO `attendence_owned` VALUES (2017, 1081, 5, 360);
INSERT INTO `attendence_owned` VALUES (2017, 1082, 6, 359);
INSERT INTO `attendence_owned` VALUES (2017, 1083, 8, 357);
INSERT INTO `attendence_owned` VALUES (2017, 1084, 3, 362);
INSERT INTO `attendence_owned` VALUES (2017, 1085, 9, 356);
INSERT INTO `attendence_owned` VALUES (2017, 1086, 9, 356);
INSERT INTO `attendence_owned` VALUES (2017, 1087, 0, 365);
INSERT INTO `attendence_owned` VALUES (2017, 1088, 12, 353);
INSERT INTO `attendence_owned` VALUES (2017, 1089, 9, 356);
INSERT INTO `attendence_owned` VALUES (2017, 1090, 8, 357);
INSERT INTO `attendence_owned` VALUES (2017, 1091, 9, 356);
INSERT INTO `attendence_owned` VALUES (2017, 1092, 14, 351);
INSERT INTO `attendence_owned` VALUES (2017, 1093, 10, 355);
INSERT INTO `attendence_owned` VALUES (2017, 1094, 0, 365);
INSERT INTO `attendence_owned` VALUES (2017, 1095, 3, 362);
INSERT INTO `attendence_owned` VALUES (2017, 1096, 10, 355);
INSERT INTO `attendence_owned` VALUES (2017, 1097, 8, 357);
INSERT INTO `attendence_owned` VALUES (2017, 1098, 4, 361);
INSERT INTO `attendence_owned` VALUES (2017, 1099, 6, 359);
INSERT INTO `attendence_owned` VALUES (2017, 1100, 12, 353);
INSERT INTO `attendence_owned` VALUES (2017, 1101, 13, 352);
INSERT INTO `attendence_owned` VALUES (2017, 1102, 5, 360);
INSERT INTO `attendence_owned` VALUES (2017, 1103, 12, 353);
INSERT INTO `attendence_owned` VALUES (2017, 1104, 3, 362);
INSERT INTO `attendence_owned` VALUES (2017, 1105, 1, 364);
INSERT INTO `attendence_owned` VALUES (2017, 1106, 8, 357);
INSERT INTO `attendence_owned` VALUES (2017, 1107, 7, 358);
INSERT INTO `attendence_owned` VALUES (2017, 1108, 1, 364);
INSERT INTO `attendence_owned` VALUES (2017, 1109, 8, 357);
INSERT INTO `attendence_owned` VALUES (2017, 1110, 9, 356);
INSERT INTO `attendence_owned` VALUES (2017, 1111, 3, 362);
INSERT INTO `attendence_owned` VALUES (2017, 1112, 9, 356);
INSERT INTO `attendence_owned` VALUES (2017, 1113, 5, 360);
INSERT INTO `attendence_owned` VALUES (2017, 1114, 1, 364);
INSERT INTO `attendence_owned` VALUES (2017, 1115, 9, 356);
INSERT INTO `attendence_owned` VALUES (2017, 1116, 9, 356);
INSERT INTO `attendence_owned` VALUES (2017, 1117, 1, 364);
INSERT INTO `attendence_owned` VALUES (2017, 1118, 1, 364);
INSERT INTO `attendence_owned` VALUES (2017, 1119, 6, 359);
INSERT INTO `attendence_owned` VALUES (2017, 1120, 1, 364);
INSERT INTO `attendence_owned` VALUES (2017, 1121, 4, 361);
INSERT INTO `attendence_owned` VALUES (2017, 1122, 2, 363);
INSERT INTO `attendence_owned` VALUES (2017, 1123, 13, 352);
INSERT INTO `attendence_owned` VALUES (2017, 1124, 8, 357);
INSERT INTO `attendence_owned` VALUES (2017, 1125, 6, 359);
INSERT INTO `attendence_owned` VALUES (2017, 1126, 0, 365);
INSERT INTO `attendence_owned` VALUES (2017, 1127, 0, 365);
INSERT INTO `attendence_owned` VALUES (2017, 1128, 10, 355);
INSERT INTO `attendence_owned` VALUES (2017, 1129, 6, 359);
INSERT INTO `attendence_owned` VALUES (2017, 1130, 8, 357);
INSERT INTO `attendence_owned` VALUES (2017, 1131, 1, 364);
INSERT INTO `attendence_owned` VALUES (2017, 1132, 2, 363);
INSERT INTO `attendence_owned` VALUES (2017, 1133, 11, 354);
INSERT INTO `attendence_owned` VALUES (2017, 1134, 0, 365);
INSERT INTO `attendence_owned` VALUES (2017, 1135, 12, 353);
INSERT INTO `attendence_owned` VALUES (2017, 1136, 10, 355);
INSERT INTO `attendence_owned` VALUES (2017, 1137, 1, 364);
INSERT INTO `attendence_owned` VALUES (2017, 1138, 9, 356);
INSERT INTO `attendence_owned` VALUES (2017, 1139, 0, 365);
INSERT INTO `attendence_owned` VALUES (2017, 1140, 13, 352);
INSERT INTO `attendence_owned` VALUES (2017, 1141, 11, 354);
INSERT INTO `attendence_owned` VALUES (2017, 1142, 4, 361);
INSERT INTO `attendence_owned` VALUES (2017, 1143, 12, 353);
INSERT INTO `attendence_owned` VALUES (2017, 1144, 8, 357);
INSERT INTO `attendence_owned` VALUES (2017, 1145, 1, 364);
INSERT INTO `attendence_owned` VALUES (2017, 1146, 13, 352);
INSERT INTO `attendence_owned` VALUES (2017, 1147, 5, 360);
INSERT INTO `attendence_owned` VALUES (2017, 1148, 13, 352);
INSERT INTO `attendence_owned` VALUES (2017, 1149, 0, 365);
INSERT INTO `attendence_owned` VALUES (2017, 1150, 12, 353);
INSERT INTO `attendence_owned` VALUES (2017, 1151, 0, 365);
INSERT INTO `attendence_owned` VALUES (2017, 1152, 7, 358);
INSERT INTO `attendence_owned` VALUES (2017, 1153, 10, 355);
INSERT INTO `attendence_owned` VALUES (2017, 1154, 12, 353);
INSERT INTO `attendence_owned` VALUES (2017, 1155, 2, 363);
INSERT INTO `attendence_owned` VALUES (2017, 1156, 7, 358);
INSERT INTO `attendence_owned` VALUES (2017, 1157, 12, 353);
INSERT INTO `attendence_owned` VALUES (2017, 1158, 2, 363);
INSERT INTO `attendence_owned` VALUES (2017, 1159, 6, 359);
INSERT INTO `attendence_owned` VALUES (2017, 1160, 4, 361);
INSERT INTO `attendence_owned` VALUES (2017, 1161, 0, 365);
INSERT INTO `attendence_owned` VALUES (2017, 1162, 5, 360);
INSERT INTO `attendence_owned` VALUES (2017, 1163, 7, 358);
INSERT INTO `attendence_owned` VALUES (2017, 1164, 1, 364);
INSERT INTO `attendence_owned` VALUES (2017, 1165, 10, 355);
INSERT INTO `attendence_owned` VALUES (2017, 1166, 5, 360);
INSERT INTO `attendence_owned` VALUES (2017, 1167, 1, 364);
INSERT INTO `attendence_owned` VALUES (2017, 1168, 10, 355);
INSERT INTO `attendence_owned` VALUES (2017, 1169, 13, 352);
INSERT INTO `attendence_owned` VALUES (2017, 1170, 2, 363);
INSERT INTO `attendence_owned` VALUES (2017, 1171, 13, 352);
INSERT INTO `attendence_owned` VALUES (2017, 1172, 5, 360);
INSERT INTO `attendence_owned` VALUES (2017, 1173, 13, 352);
INSERT INTO `attendence_owned` VALUES (2017, 1174, 9, 356);
INSERT INTO `attendence_owned` VALUES (2017, 1175, 11, 354);
INSERT INTO `attendence_owned` VALUES (2017, 1176, 8, 357);
INSERT INTO `attendence_owned` VALUES (2017, 1177, 3, 362);
INSERT INTO `attendence_owned` VALUES (2017, 1178, 1, 364);
INSERT INTO `attendence_owned` VALUES (2017, 1179, 4, 361);
INSERT INTO `attendence_owned` VALUES (2017, 1180, 4, 361);
INSERT INTO `attendence_owned` VALUES (2017, 1181, 14, 351);
INSERT INTO `attendence_owned` VALUES (2017, 1182, 12, 353);
INSERT INTO `attendence_owned` VALUES (2017, 1183, 5, 360);
INSERT INTO `attendence_owned` VALUES (2017, 1184, 10, 355);
INSERT INTO `attendence_owned` VALUES (2017, 1185, 0, 365);
INSERT INTO `attendence_owned` VALUES (2017, 1186, 5, 360);
INSERT INTO `attendence_owned` VALUES (2017, 1187, 7, 358);
INSERT INTO `attendence_owned` VALUES (2017, 1188, 6, 359);
INSERT INTO `attendence_owned` VALUES (2017, 1189, 10, 355);
INSERT INTO `attendence_owned` VALUES (2017, 1190, 13, 352);
INSERT INTO `attendence_owned` VALUES (2017, 1191, 13, 352);
INSERT INTO `attendence_owned` VALUES (2017, 1192, 8, 357);
INSERT INTO `attendence_owned` VALUES (2017, 1193, 5, 360);
INSERT INTO `attendence_owned` VALUES (2017, 1194, 5, 360);
INSERT INTO `attendence_owned` VALUES (2017, 1195, 10, 355);
INSERT INTO `attendence_owned` VALUES (2017, 1196, 13, 352);
INSERT INTO `attendence_owned` VALUES (2017, 1197, 3, 362);
INSERT INTO `attendence_owned` VALUES (2017, 1198, 2, 363);
INSERT INTO `attendence_owned` VALUES (2017, 1199, 14, 351);
INSERT INTO `attendence_owned` VALUES (2017, 1200, 11, 354);
INSERT INTO `attendence_owned` VALUES (2017, 1201, 4, 361);
INSERT INTO `attendence_owned` VALUES (2017, 1202, 13, 352);
INSERT INTO `attendence_owned` VALUES (2017, 1203, 5, 360);
INSERT INTO `attendence_owned` VALUES (2017, 1204, 2, 363);
INSERT INTO `attendence_owned` VALUES (2017, 1205, 1, 364);
INSERT INTO `attendence_owned` VALUES (2017, 1206, 8, 357);
INSERT INTO `attendence_owned` VALUES (2017, 1207, 8, 357);
INSERT INTO `attendence_owned` VALUES (2017, 1208, 3, 362);
INSERT INTO `attendence_owned` VALUES (2017, 1209, 2, 363);
INSERT INTO `attendence_owned` VALUES (2017, 1210, 1, 364);
INSERT INTO `attendence_owned` VALUES (2017, 1211, 8, 357);
INSERT INTO `attendence_owned` VALUES (2017, 1212, 3, 362);
INSERT INTO `attendence_owned` VALUES (2017, 1213, 12, 353);
INSERT INTO `attendence_owned` VALUES (2017, 1214, 4, 361);
INSERT INTO `attendence_owned` VALUES (2017, 1215, 8, 357);
INSERT INTO `attendence_owned` VALUES (2017, 1216, 9, 356);
INSERT INTO `attendence_owned` VALUES (2017, 1217, 13, 352);
INSERT INTO `attendence_owned` VALUES (2017, 1218, 13, 352);
INSERT INTO `attendence_owned` VALUES (2017, 1219, 14, 351);
INSERT INTO `attendence_owned` VALUES (2017, 1220, 7, 358);
INSERT INTO `attendence_owned` VALUES (2017, 1221, 11, 354);
INSERT INTO `attendence_owned` VALUES (2017, 1222, 1, 364);
INSERT INTO `attendence_owned` VALUES (2017, 1223, 7, 358);
INSERT INTO `attendence_owned` VALUES (2017, 1224, 0, 365);
INSERT INTO `attendence_owned` VALUES (2017, 1225, 7, 358);
INSERT INTO `attendence_owned` VALUES (2017, 1226, 11, 354);
INSERT INTO `attendence_owned` VALUES (2017, 1227, 13, 352);
INSERT INTO `attendence_owned` VALUES (2017, 1228, 13, 352);
INSERT INTO `attendence_owned` VALUES (2017, 1229, 1, 364);
INSERT INTO `attendence_owned` VALUES (2017, 1230, 3, 362);
INSERT INTO `attendence_owned` VALUES (2017, 1231, 0, 365);
INSERT INTO `attendence_owned` VALUES (2017, 1232, 1, 364);
INSERT INTO `attendence_owned` VALUES (2017, 1233, 0, 365);
INSERT INTO `attendence_owned` VALUES (2017, 1234, 2, 363);
INSERT INTO `attendence_owned` VALUES (2017, 1235, 14, 351);
INSERT INTO `attendence_owned` VALUES (2017, 1236, 1, 364);
INSERT INTO `attendence_owned` VALUES (2017, 1237, 1, 364);
INSERT INTO `attendence_owned` VALUES (2017, 1238, 10, 355);
INSERT INTO `attendence_owned` VALUES (2017, 1239, 5, 360);
INSERT INTO `attendence_owned` VALUES (2017, 1240, 9, 356);
INSERT INTO `attendence_owned` VALUES (2017, 1241, 11, 354);
INSERT INTO `attendence_owned` VALUES (2017, 1242, 6, 359);
INSERT INTO `attendence_owned` VALUES (2017, 1243, 2, 363);
INSERT INTO `attendence_owned` VALUES (2017, 1244, 9, 356);
INSERT INTO `attendence_owned` VALUES (2017, 1245, 1, 364);
INSERT INTO `attendence_owned` VALUES (2017, 1246, 1, 364);
INSERT INTO `attendence_owned` VALUES (2017, 1247, 13, 352);
INSERT INTO `attendence_owned` VALUES (2017, 1248, 1, 364);
INSERT INTO `attendence_owned` VALUES (2017, 1249, 6, 359);
INSERT INTO `attendence_owned` VALUES (2017, 1250, 5, 360);
INSERT INTO `attendence_owned` VALUES (2017, 1251, 13, 352);
INSERT INTO `attendence_owned` VALUES (2017, 1252, 11, 354);
INSERT INTO `attendence_owned` VALUES (2018, 1001, 13, 352);
INSERT INTO `attendence_owned` VALUES (2018, 1002, 3, 362);
INSERT INTO `attendence_owned` VALUES (2018, 1003, 12, 353);
INSERT INTO `attendence_owned` VALUES (2018, 1004, 9, 356);
INSERT INTO `attendence_owned` VALUES (2018, 1005, 8, 357);
INSERT INTO `attendence_owned` VALUES (2018, 1006, 1, 364);
INSERT INTO `attendence_owned` VALUES (2018, 1007, 6, 359);
INSERT INTO `attendence_owned` VALUES (2018, 1008, 14, 351);
INSERT INTO `attendence_owned` VALUES (2018, 1009, 8, 357);
INSERT INTO `attendence_owned` VALUES (2018, 1010, 2, 363);
INSERT INTO `attendence_owned` VALUES (2018, 1011, 14, 351);
INSERT INTO `attendence_owned` VALUES (2018, 1012, 1, 364);
INSERT INTO `attendence_owned` VALUES (2018, 1013, 6, 359);
INSERT INTO `attendence_owned` VALUES (2018, 1014, 10, 355);
INSERT INTO `attendence_owned` VALUES (2018, 1015, 1, 364);
INSERT INTO `attendence_owned` VALUES (2018, 1016, 1, 364);
INSERT INTO `attendence_owned` VALUES (2018, 1017, 11, 354);
INSERT INTO `attendence_owned` VALUES (2018, 1018, 6, 359);
INSERT INTO `attendence_owned` VALUES (2018, 1019, 11, 354);
INSERT INTO `attendence_owned` VALUES (2018, 1020, 11, 354);
INSERT INTO `attendence_owned` VALUES (2018, 1021, 7, 358);
INSERT INTO `attendence_owned` VALUES (2018, 1022, 1, 364);
INSERT INTO `attendence_owned` VALUES (2018, 1023, 3, 362);
INSERT INTO `attendence_owned` VALUES (2018, 1024, 0, 365);
INSERT INTO `attendence_owned` VALUES (2018, 1025, 11, 354);
INSERT INTO `attendence_owned` VALUES (2018, 1026, 1, 364);
INSERT INTO `attendence_owned` VALUES (2018, 1027, 12, 353);
INSERT INTO `attendence_owned` VALUES (2018, 1028, 0, 365);
INSERT INTO `attendence_owned` VALUES (2018, 1029, 4, 361);
INSERT INTO `attendence_owned` VALUES (2018, 1030, 9, 356);
INSERT INTO `attendence_owned` VALUES (2018, 1031, 7, 358);
INSERT INTO `attendence_owned` VALUES (2018, 1032, 0, 365);
INSERT INTO `attendence_owned` VALUES (2018, 1033, 13, 352);
INSERT INTO `attendence_owned` VALUES (2018, 1034, 9, 356);
INSERT INTO `attendence_owned` VALUES (2018, 1035, 9, 356);
INSERT INTO `attendence_owned` VALUES (2018, 1036, 9, 356);
INSERT INTO `attendence_owned` VALUES (2018, 1037, 14, 351);
INSERT INTO `attendence_owned` VALUES (2018, 1038, 10, 355);
INSERT INTO `attendence_owned` VALUES (2018, 1039, 9, 356);
INSERT INTO `attendence_owned` VALUES (2018, 1040, 9, 356);
INSERT INTO `attendence_owned` VALUES (2018, 1041, 0, 365);
INSERT INTO `attendence_owned` VALUES (2018, 1042, 0, 365);
INSERT INTO `attendence_owned` VALUES (2018, 1043, 5, 360);
INSERT INTO `attendence_owned` VALUES (2018, 1044, 4, 361);
INSERT INTO `attendence_owned` VALUES (2018, 1045, 10, 355);
INSERT INTO `attendence_owned` VALUES (2018, 1046, 8, 357);
INSERT INTO `attendence_owned` VALUES (2018, 1047, 12, 353);
INSERT INTO `attendence_owned` VALUES (2018, 1048, 8, 357);
INSERT INTO `attendence_owned` VALUES (2018, 1049, 11, 354);
INSERT INTO `attendence_owned` VALUES (2018, 1050, 2, 363);
INSERT INTO `attendence_owned` VALUES (2018, 1051, 10, 355);
INSERT INTO `attendence_owned` VALUES (2018, 1052, 1, 364);
INSERT INTO `attendence_owned` VALUES (2018, 1053, 9, 356);
INSERT INTO `attendence_owned` VALUES (2018, 1054, 2, 363);
INSERT INTO `attendence_owned` VALUES (2018, 1055, 2, 363);
INSERT INTO `attendence_owned` VALUES (2018, 1056, 2, 363);
INSERT INTO `attendence_owned` VALUES (2018, 1057, 3, 362);
INSERT INTO `attendence_owned` VALUES (2018, 1058, 10, 355);
INSERT INTO `attendence_owned` VALUES (2018, 1059, 9, 356);
INSERT INTO `attendence_owned` VALUES (2018, 1060, 0, 365);
INSERT INTO `attendence_owned` VALUES (2018, 1061, 14, 351);
INSERT INTO `attendence_owned` VALUES (2018, 1062, 0, 365);
INSERT INTO `attendence_owned` VALUES (2018, 1063, 5, 360);
INSERT INTO `attendence_owned` VALUES (2018, 1064, 6, 359);
INSERT INTO `attendence_owned` VALUES (2018, 1065, 2, 363);
INSERT INTO `attendence_owned` VALUES (2018, 1066, 8, 357);
INSERT INTO `attendence_owned` VALUES (2018, 1067, 6, 359);
INSERT INTO `attendence_owned` VALUES (2018, 1068, 13, 352);
INSERT INTO `attendence_owned` VALUES (2018, 1069, 4, 361);
INSERT INTO `attendence_owned` VALUES (2018, 1070, 6, 359);
INSERT INTO `attendence_owned` VALUES (2018, 1071, 11, 354);
INSERT INTO `attendence_owned` VALUES (2018, 1072, 6, 359);
INSERT INTO `attendence_owned` VALUES (2018, 1073, 12, 353);
INSERT INTO `attendence_owned` VALUES (2018, 1074, 8, 357);
INSERT INTO `attendence_owned` VALUES (2018, 1075, 1, 364);
INSERT INTO `attendence_owned` VALUES (2018, 1076, 7, 358);
INSERT INTO `attendence_owned` VALUES (2018, 1077, 9, 356);
INSERT INTO `attendence_owned` VALUES (2018, 1078, 13, 352);
INSERT INTO `attendence_owned` VALUES (2018, 1079, 12, 353);
INSERT INTO `attendence_owned` VALUES (2018, 1080, 7, 358);
INSERT INTO `attendence_owned` VALUES (2018, 1081, 14, 351);
INSERT INTO `attendence_owned` VALUES (2018, 1082, 6, 359);
INSERT INTO `attendence_owned` VALUES (2018, 1083, 14, 351);
INSERT INTO `attendence_owned` VALUES (2018, 1084, 13, 352);
INSERT INTO `attendence_owned` VALUES (2018, 1085, 1, 364);
INSERT INTO `attendence_owned` VALUES (2018, 1086, 13, 352);
INSERT INTO `attendence_owned` VALUES (2018, 1087, 0, 365);
INSERT INTO `attendence_owned` VALUES (2018, 1088, 4, 361);
INSERT INTO `attendence_owned` VALUES (2018, 1089, 14, 351);
INSERT INTO `attendence_owned` VALUES (2018, 1090, 1, 364);
INSERT INTO `attendence_owned` VALUES (2018, 1091, 13, 352);
INSERT INTO `attendence_owned` VALUES (2018, 1092, 11, 354);
INSERT INTO `attendence_owned` VALUES (2018, 1093, 5, 360);
INSERT INTO `attendence_owned` VALUES (2018, 1094, 6, 359);
INSERT INTO `attendence_owned` VALUES (2018, 1095, 10, 355);
INSERT INTO `attendence_owned` VALUES (2018, 1096, 3, 362);
INSERT INTO `attendence_owned` VALUES (2018, 1097, 10, 355);
INSERT INTO `attendence_owned` VALUES (2018, 1098, 12, 353);
INSERT INTO `attendence_owned` VALUES (2018, 1099, 9, 356);
INSERT INTO `attendence_owned` VALUES (2018, 1100, 13, 352);
INSERT INTO `attendence_owned` VALUES (2018, 1101, 6, 359);
INSERT INTO `attendence_owned` VALUES (2018, 1102, 7, 358);
INSERT INTO `attendence_owned` VALUES (2018, 1103, 4, 361);
INSERT INTO `attendence_owned` VALUES (2018, 1104, 4, 361);
INSERT INTO `attendence_owned` VALUES (2018, 1105, 12, 353);
INSERT INTO `attendence_owned` VALUES (2018, 1106, 5, 360);
INSERT INTO `attendence_owned` VALUES (2018, 1107, 4, 361);
INSERT INTO `attendence_owned` VALUES (2018, 1108, 2, 363);
INSERT INTO `attendence_owned` VALUES (2018, 1109, 3, 362);
INSERT INTO `attendence_owned` VALUES (2018, 1110, 5, 360);
INSERT INTO `attendence_owned` VALUES (2018, 1111, 3, 362);
INSERT INTO `attendence_owned` VALUES (2018, 1112, 8, 357);
INSERT INTO `attendence_owned` VALUES (2018, 1113, 6, 359);
INSERT INTO `attendence_owned` VALUES (2018, 1114, 9, 356);
INSERT INTO `attendence_owned` VALUES (2018, 1115, 6, 359);
INSERT INTO `attendence_owned` VALUES (2018, 1116, 9, 356);
INSERT INTO `attendence_owned` VALUES (2018, 1117, 8, 357);
INSERT INTO `attendence_owned` VALUES (2018, 1118, 3, 362);
INSERT INTO `attendence_owned` VALUES (2018, 1119, 7, 358);
INSERT INTO `attendence_owned` VALUES (2018, 1120, 13, 352);
INSERT INTO `attendence_owned` VALUES (2018, 1121, 4, 361);
INSERT INTO `attendence_owned` VALUES (2018, 1122, 5, 360);
INSERT INTO `attendence_owned` VALUES (2018, 1123, 5, 360);
INSERT INTO `attendence_owned` VALUES (2018, 1124, 1, 364);
INSERT INTO `attendence_owned` VALUES (2018, 1125, 1, 364);
INSERT INTO `attendence_owned` VALUES (2018, 1126, 1, 364);
INSERT INTO `attendence_owned` VALUES (2018, 1127, 12, 353);
INSERT INTO `attendence_owned` VALUES (2018, 1128, 0, 365);
INSERT INTO `attendence_owned` VALUES (2018, 1129, 6, 359);
INSERT INTO `attendence_owned` VALUES (2018, 1130, 4, 361);
INSERT INTO `attendence_owned` VALUES (2018, 1131, 0, 365);
INSERT INTO `attendence_owned` VALUES (2018, 1132, 1, 364);
INSERT INTO `attendence_owned` VALUES (2018, 1133, 8, 357);
INSERT INTO `attendence_owned` VALUES (2018, 1134, 11, 354);
INSERT INTO `attendence_owned` VALUES (2018, 1135, 14, 351);
INSERT INTO `attendence_owned` VALUES (2018, 1136, 6, 359);
INSERT INTO `attendence_owned` VALUES (2018, 1137, 0, 365);
INSERT INTO `attendence_owned` VALUES (2018, 1138, 0, 365);
INSERT INTO `attendence_owned` VALUES (2018, 1139, 4, 361);
INSERT INTO `attendence_owned` VALUES (2018, 1140, 12, 353);
INSERT INTO `attendence_owned` VALUES (2018, 1141, 4, 361);
INSERT INTO `attendence_owned` VALUES (2018, 1142, 2, 363);
INSERT INTO `attendence_owned` VALUES (2018, 1143, 10, 355);
INSERT INTO `attendence_owned` VALUES (2018, 1144, 3, 362);
INSERT INTO `attendence_owned` VALUES (2018, 1145, 4, 361);
INSERT INTO `attendence_owned` VALUES (2018, 1146, 13, 352);
INSERT INTO `attendence_owned` VALUES (2018, 1147, 14, 351);
INSERT INTO `attendence_owned` VALUES (2018, 1148, 10, 355);
INSERT INTO `attendence_owned` VALUES (2018, 1149, 8, 357);
INSERT INTO `attendence_owned` VALUES (2018, 1150, 9, 356);
INSERT INTO `attendence_owned` VALUES (2018, 1151, 10, 355);
INSERT INTO `attendence_owned` VALUES (2018, 1152, 6, 359);
INSERT INTO `attendence_owned` VALUES (2018, 1153, 8, 357);
INSERT INTO `attendence_owned` VALUES (2018, 1154, 13, 352);
INSERT INTO `attendence_owned` VALUES (2018, 1155, 5, 360);
INSERT INTO `attendence_owned` VALUES (2018, 1156, 3, 362);
INSERT INTO `attendence_owned` VALUES (2018, 1157, 12, 353);
INSERT INTO `attendence_owned` VALUES (2018, 1158, 13, 352);
INSERT INTO `attendence_owned` VALUES (2018, 1159, 11, 354);
INSERT INTO `attendence_owned` VALUES (2018, 1160, 2, 363);
INSERT INTO `attendence_owned` VALUES (2018, 1161, 1, 364);
INSERT INTO `attendence_owned` VALUES (2018, 1162, 4, 361);
INSERT INTO `attendence_owned` VALUES (2018, 1163, 1, 364);
INSERT INTO `attendence_owned` VALUES (2018, 1164, 12, 353);
INSERT INTO `attendence_owned` VALUES (2018, 1165, 2, 363);
INSERT INTO `attendence_owned` VALUES (2018, 1166, 5, 360);
INSERT INTO `attendence_owned` VALUES (2018, 1167, 11, 354);
INSERT INTO `attendence_owned` VALUES (2018, 1168, 3, 362);
INSERT INTO `attendence_owned` VALUES (2018, 1169, 3, 362);
INSERT INTO `attendence_owned` VALUES (2018, 1170, 12, 353);
INSERT INTO `attendence_owned` VALUES (2018, 1171, 12, 353);
INSERT INTO `attendence_owned` VALUES (2018, 1172, 3, 362);
INSERT INTO `attendence_owned` VALUES (2018, 1173, 2, 363);
INSERT INTO `attendence_owned` VALUES (2018, 1174, 12, 353);
INSERT INTO `attendence_owned` VALUES (2018, 1175, 11, 354);
INSERT INTO `attendence_owned` VALUES (2018, 1176, 13, 352);
INSERT INTO `attendence_owned` VALUES (2018, 1177, 7, 358);
INSERT INTO `attendence_owned` VALUES (2018, 1178, 0, 365);
INSERT INTO `attendence_owned` VALUES (2018, 1179, 9, 356);
INSERT INTO `attendence_owned` VALUES (2018, 1180, 14, 351);
INSERT INTO `attendence_owned` VALUES (2018, 1181, 13, 352);
INSERT INTO `attendence_owned` VALUES (2018, 1182, 1, 364);
INSERT INTO `attendence_owned` VALUES (2018, 1183, 14, 351);
INSERT INTO `attendence_owned` VALUES (2018, 1184, 8, 357);
INSERT INTO `attendence_owned` VALUES (2018, 1185, 12, 353);
INSERT INTO `attendence_owned` VALUES (2018, 1186, 4, 361);
INSERT INTO `attendence_owned` VALUES (2018, 1187, 10, 355);
INSERT INTO `attendence_owned` VALUES (2018, 1188, 2, 363);
INSERT INTO `attendence_owned` VALUES (2018, 1189, 1, 364);
INSERT INTO `attendence_owned` VALUES (2018, 1190, 6, 359);
INSERT INTO `attendence_owned` VALUES (2018, 1191, 5, 360);
INSERT INTO `attendence_owned` VALUES (2018, 1192, 13, 352);
INSERT INTO `attendence_owned` VALUES (2018, 1193, 5, 360);
INSERT INTO `attendence_owned` VALUES (2018, 1194, 8, 357);
INSERT INTO `attendence_owned` VALUES (2018, 1195, 9, 356);
INSERT INTO `attendence_owned` VALUES (2018, 1196, 12, 353);
INSERT INTO `attendence_owned` VALUES (2018, 1197, 11, 354);
INSERT INTO `attendence_owned` VALUES (2018, 1198, 2, 363);
INSERT INTO `attendence_owned` VALUES (2018, 1199, 14, 351);
INSERT INTO `attendence_owned` VALUES (2018, 1200, 11, 354);
INSERT INTO `attendence_owned` VALUES (2018, 1201, 12, 353);
INSERT INTO `attendence_owned` VALUES (2018, 1202, 8, 357);
INSERT INTO `attendence_owned` VALUES (2018, 1203, 13, 352);
INSERT INTO `attendence_owned` VALUES (2018, 1204, 5, 360);
INSERT INTO `attendence_owned` VALUES (2018, 1205, 10, 355);
INSERT INTO `attendence_owned` VALUES (2018, 1206, 0, 365);
INSERT INTO `attendence_owned` VALUES (2018, 1207, 14, 351);
INSERT INTO `attendence_owned` VALUES (2018, 1208, 14, 351);
INSERT INTO `attendence_owned` VALUES (2018, 1209, 9, 356);
INSERT INTO `attendence_owned` VALUES (2018, 1210, 3, 362);
INSERT INTO `attendence_owned` VALUES (2018, 1211, 1, 364);
INSERT INTO `attendence_owned` VALUES (2018, 1212, 3, 362);
INSERT INTO `attendence_owned` VALUES (2018, 1213, 3, 362);
INSERT INTO `attendence_owned` VALUES (2018, 1214, 0, 365);
INSERT INTO `attendence_owned` VALUES (2018, 1215, 4, 361);
INSERT INTO `attendence_owned` VALUES (2018, 1216, 14, 351);
INSERT INTO `attendence_owned` VALUES (2018, 1217, 0, 365);
INSERT INTO `attendence_owned` VALUES (2018, 1218, 2, 363);
INSERT INTO `attendence_owned` VALUES (2018, 1219, 10, 355);
INSERT INTO `attendence_owned` VALUES (2018, 1220, 14, 351);
INSERT INTO `attendence_owned` VALUES (2018, 1221, 11, 354);
INSERT INTO `attendence_owned` VALUES (2018, 1222, 6, 359);
INSERT INTO `attendence_owned` VALUES (2018, 1223, 7, 358);
INSERT INTO `attendence_owned` VALUES (2018, 1224, 11, 354);
INSERT INTO `attendence_owned` VALUES (2018, 1225, 8, 357);
INSERT INTO `attendence_owned` VALUES (2018, 1226, 4, 361);
INSERT INTO `attendence_owned` VALUES (2018, 1227, 12, 353);
INSERT INTO `attendence_owned` VALUES (2018, 1228, 5, 360);
INSERT INTO `attendence_owned` VALUES (2018, 1229, 12, 353);
INSERT INTO `attendence_owned` VALUES (2018, 1230, 13, 352);
INSERT INTO `attendence_owned` VALUES (2018, 1231, 11, 354);
INSERT INTO `attendence_owned` VALUES (2018, 1232, 5, 360);
INSERT INTO `attendence_owned` VALUES (2018, 1233, 11, 354);
INSERT INTO `attendence_owned` VALUES (2018, 1234, 0, 365);
INSERT INTO `attendence_owned` VALUES (2018, 1235, 1, 364);
INSERT INTO `attendence_owned` VALUES (2018, 1236, 11, 354);
INSERT INTO `attendence_owned` VALUES (2018, 1237, 0, 365);
INSERT INTO `attendence_owned` VALUES (2018, 1238, 5, 360);
INSERT INTO `attendence_owned` VALUES (2018, 1239, 1, 364);
INSERT INTO `attendence_owned` VALUES (2018, 1240, 14, 351);
INSERT INTO `attendence_owned` VALUES (2018, 1241, 11, 354);
INSERT INTO `attendence_owned` VALUES (2018, 1242, 5, 360);
INSERT INTO `attendence_owned` VALUES (2018, 1243, 3, 362);
INSERT INTO `attendence_owned` VALUES (2018, 1244, 1, 364);
INSERT INTO `attendence_owned` VALUES (2018, 1245, 5, 360);
INSERT INTO `attendence_owned` VALUES (2018, 1246, 6, 359);
INSERT INTO `attendence_owned` VALUES (2018, 1247, 3, 362);
INSERT INTO `attendence_owned` VALUES (2018, 1248, 9, 356);
INSERT INTO `attendence_owned` VALUES (2018, 1249, 8, 357);
INSERT INTO `attendence_owned` VALUES (2018, 1250, 12, 353);
INSERT INTO `attendence_owned` VALUES (2018, 1251, 2, 363);
INSERT INTO `attendence_owned` VALUES (2018, 1252, 6, 359);

-- ----------------------------
-- Table structure for contract
-- ----------------------------
DROP TABLE IF EXISTS `contract`;
CREATE TABLE `contract`  (
  `cid` int(11) NOT NULL,
  `eid` int(11) NULL DEFAULT NULL,
  `did` int(11) NULL DEFAULT NULL,
  `start_date` date NULL DEFAULT NULL,
  `finish_date` date NULL DEFAULT NULL,
  PRIMARY KEY (`cid`) USING BTREE,
  INDEX `eid`(`eid`) USING BTREE,
  INDEX `did`(`did`) USING BTREE,
  CONSTRAINT `contract_ibfk_1` FOREIGN KEY (`eid`) REFERENCES `employees` (`eid`) ON DELETE RESTRICT ON UPDATE RESTRICT,
  CONSTRAINT `contract_ibfk_2` FOREIGN KEY (`did`) REFERENCES `department` (`did`) ON DELETE RESTRICT ON UPDATE RESTRICT
) ENGINE = InnoDB CHARACTER SET = utf8mb4 COLLATE = utf8mb4_0900_ai_ci ROW_FORMAT = Dynamic;

-- ----------------------------
-- Records of contract
-- ----------------------------
INSERT INTO `contract` VALUES (101, 1001, 1, '2003-01-05', '2025-01-12');
INSERT INTO `contract` VALUES (102, 1002, 1, '2002-07-06', '2024-01-11');
INSERT INTO `contract` VALUES (103, 1003, 1, '2002-01-03', '2026-01-09');
INSERT INTO `contract` VALUES (104, 1004, 1, '2000-10-12', '2022-01-12');
INSERT INTO `contract` VALUES (105, 1005, 1, '2001-01-05', '2021-01-02');
INSERT INTO `contract` VALUES (106, 1006, 1, '2002-01-05', '2023-01-02');
INSERT INTO `contract` VALUES (107, 1007, 1, '2003-01-08', '2026-04-04');
INSERT INTO `contract` VALUES (108, 1008, 1, '2001-08-02', '2028-01-01');
INSERT INTO `contract` VALUES (109, 1009, 1, '2002-01-04', '2023-01-08');
INSERT INTO `contract` VALUES (110, 1010, 1, '2003-01-06', '2026-01-05');
INSERT INTO `contract` VALUES (111, 1011, 1, '2003-01-09', '2026-01-09');
INSERT INTO `contract` VALUES (112, 1012, 1, '2002-01-08', '2021-01-10');
INSERT INTO `contract` VALUES (113, 1013, 1, '2003-04-05', '2028-01-03');
INSERT INTO `contract` VALUES (114, 1014, 1, '2002-10-07', '2030-01-01');
INSERT INTO `contract` VALUES (115, 1015, 1, '2001-10-02', '2028-01-10');
INSERT INTO `contract` VALUES (116, 1016, 1, '2003-01-03', '2025-08-07');
INSERT INTO `contract` VALUES (117, 1017, 1, '2003-01-04', '2024-06-08');
INSERT INTO `contract` VALUES (118, 1018, 1, '2002-01-11', '2028-03-01');
INSERT INTO `contract` VALUES (119, 1019, 1, '2003-01-10', '2023-05-01');
INSERT INTO `contract` VALUES (120, 1020, 1, '2002-01-06', '2021-11-06');
INSERT INTO `contract` VALUES (121, 1021, 1, '2001-01-11', '2021-01-03');
INSERT INTO `contract` VALUES (122, 1022, 1, '2002-05-12', '2029-01-05');
INSERT INTO `contract` VALUES (123, 1023, 1, '2002-01-10', '2023-02-05');
INSERT INTO `contract` VALUES (124, 1024, 1, '2003-01-04', '2022-01-09');
INSERT INTO `contract` VALUES (125, 1025, 1, '2002-11-03', '2021-01-03');
INSERT INTO `contract` VALUES (126, 1026, 1, '2002-06-09', '2029-12-08');
INSERT INTO `contract` VALUES (127, 1027, 1, '2003-01-01', '2028-01-05');
INSERT INTO `contract` VALUES (128, 1028, 1, '2003-11-01', '2023-01-03');
INSERT INTO `contract` VALUES (129, 1029, 1, '2001-01-08', '2026-01-01');
INSERT INTO `contract` VALUES (130, 1030, 1, '2001-12-04', '2022-01-06');
INSERT INTO `contract` VALUES (131, 1031, 1, '2003-01-05', '2025-01-02');
INSERT INTO `contract` VALUES (132, 1032, 1, '2003-03-01', '2025-01-04');
INSERT INTO `contract` VALUES (133, 1033, 1, '2001-01-01', '2030-01-08');
INSERT INTO `contract` VALUES (134, 1034, 1, '2003-01-04', '2025-04-06');
INSERT INTO `contract` VALUES (135, 1035, 1, '2002-01-08', '2030-01-07');
INSERT INTO `contract` VALUES (136, 1036, 1, '2003-01-07', '2026-11-10');
INSERT INTO `contract` VALUES (137, 1037, 1, '2001-12-10', '2024-01-09');
INSERT INTO `contract` VALUES (138, 1038, 1, '2003-01-09', '2028-01-08');
INSERT INTO `contract` VALUES (139, 1039, 1, '2001-01-01', '2027-01-10');
INSERT INTO `contract` VALUES (140, 1040, 1, '2002-01-11', '2028-01-02');
INSERT INTO `contract` VALUES (141, 1041, 1, '2002-01-04', '2028-02-01');
INSERT INTO `contract` VALUES (142, 1042, 1, '2001-01-01', '2029-01-09');
INSERT INTO `contract` VALUES (143, 1043, 1, '2002-01-06', '2025-01-01');
INSERT INTO `contract` VALUES (144, 1044, 1, '2003-02-11', '2022-08-07');
INSERT INTO `contract` VALUES (145, 1045, 1, '2003-01-10', '2029-11-01');
INSERT INTO `contract` VALUES (146, 1046, 1, '2003-01-04', '2028-07-11');
INSERT INTO `contract` VALUES (147, 1047, 1, '2003-04-11', '2023-01-11');
INSERT INTO `contract` VALUES (148, 1048, 1, '2001-07-09', '2028-01-03');
INSERT INTO `contract` VALUES (149, 1049, 1, '2003-01-07', '2028-11-07');
INSERT INTO `contract` VALUES (150, 1050, 1, '2003-01-05', '2028-01-03');
INSERT INTO `contract` VALUES (151, 1051, 1, '2001-01-11', '2023-01-06');
INSERT INTO `contract` VALUES (152, 1052, 1, '2001-01-03', '2021-01-09');
INSERT INTO `contract` VALUES (153, 1053, 1, '2003-05-04', '2024-01-10');
INSERT INTO `contract` VALUES (154, 1054, 1, '2002-01-09', '2027-06-06');
INSERT INTO `contract` VALUES (155, 1055, 1, '2001-01-05', '2023-01-02');
INSERT INTO `contract` VALUES (156, 1056, 1, '2003-01-05', '2023-01-10');
INSERT INTO `contract` VALUES (157, 1057, 1, '2001-06-10', '2024-11-01');
INSERT INTO `contract` VALUES (158, 1058, 1, '2002-11-08', '2023-02-04');
INSERT INTO `contract` VALUES (159, 1059, 1, '2002-01-12', '2026-01-05');
INSERT INTO `contract` VALUES (160, 1060, 1, '2001-01-09', '2027-02-05');
INSERT INTO `contract` VALUES (161, 1061, 1, '2001-01-08', '2028-09-06');
INSERT INTO `contract` VALUES (162, 1062, 1, '2001-01-10', '2026-01-08');
INSERT INTO `contract` VALUES (163, 1063, 1, '2003-01-10', '2021-06-09');
INSERT INTO `contract` VALUES (164, 1064, 1, '2002-01-03', '2028-01-04');
INSERT INTO `contract` VALUES (165, 1065, 1, '2002-06-04', '2023-01-07');
INSERT INTO `contract` VALUES (166, 1066, 1, '2003-01-04', '2027-01-02');
INSERT INTO `contract` VALUES (167, 1067, 1, '2003-08-02', '2024-12-07');
INSERT INTO `contract` VALUES (168, 1068, 1, '2003-01-06', '2024-01-10');
INSERT INTO `contract` VALUES (169, 1069, 2, '2002-01-01', '2028-01-01');
INSERT INTO `contract` VALUES (170, 1070, 2, '2002-08-06', '2027-01-01');
INSERT INTO `contract` VALUES (171, 1071, 2, '2002-01-12', '2028-12-12');
INSERT INTO `contract` VALUES (172, 1072, 2, '2003-01-09', '2026-01-01');
INSERT INTO `contract` VALUES (173, 1073, 2, '2000-01-11', '2030-08-08');
INSERT INTO `contract` VALUES (174, 1074, 2, '2003-01-03', '2029-01-01');
INSERT INTO `contract` VALUES (175, 1075, 2, '2003-05-08', '2029-01-06');
INSERT INTO `contract` VALUES (176, 1076, 2, '2001-04-11', '2030-01-01');
INSERT INTO `contract` VALUES (177, 1077, 2, '2002-01-11', '2022-07-04');
INSERT INTO `contract` VALUES (178, 1078, 2, '2001-01-05', '2022-06-02');
INSERT INTO `contract` VALUES (179, 1079, 2, '2003-01-03', '2025-01-01');
INSERT INTO `contract` VALUES (180, 1080, 3, '2003-01-04', '2029-01-08');
INSERT INTO `contract` VALUES (181, 1081, 3, '2002-01-09', '2027-01-06');
INSERT INTO `contract` VALUES (182, 1082, 3, '2000-01-12', '2030-07-11');
INSERT INTO `contract` VALUES (183, 1083, 3, '2003-09-07', '2028-01-12');
INSERT INTO `contract` VALUES (184, 1084, 3, '2003-01-01', '2030-01-01');
INSERT INTO `contract` VALUES (185, 1085, 3, '2002-11-03', '2022-01-05');
INSERT INTO `contract` VALUES (186, 1086, 3, '2003-01-01', '2029-11-01');
INSERT INTO `contract` VALUES (187, 1087, 3, '2002-08-08', '2025-04-12');
INSERT INTO `contract` VALUES (188, 1088, 3, '2003-06-03', '2022-06-09');
INSERT INTO `contract` VALUES (189, 1089, 3, '2001-01-12', '2030-10-10');
INSERT INTO `contract` VALUES (190, 1090, 3, '2001-08-09', '2023-08-05');
INSERT INTO `contract` VALUES (191, 1091, 3, '2001-01-07', '2029-11-06');
INSERT INTO `contract` VALUES (192, 1092, 3, '2001-01-02', '2025-11-11');
INSERT INTO `contract` VALUES (193, 1093, 3, '2001-01-12', '2028-01-09');
INSERT INTO `contract` VALUES (194, 1094, 3, '2002-01-12', '2027-09-01');
INSERT INTO `contract` VALUES (195, 1095, 3, '2003-01-08', '2029-10-08');
INSERT INTO `contract` VALUES (196, 1096, 3, '2003-05-07', '2023-01-12');
INSERT INTO `contract` VALUES (197, 1097, 3, '2003-10-11', '2027-04-02');
INSERT INTO `contract` VALUES (198, 1098, 3, '2001-01-11', '2023-01-08');
INSERT INTO `contract` VALUES (199, 1099, 3, '2003-05-09', '2026-01-10');
INSERT INTO `contract` VALUES (200, 1100, 3, '2003-09-06', '2030-01-08');
INSERT INTO `contract` VALUES (201, 1101, 3, '2001-01-11', '2024-08-12');
INSERT INTO `contract` VALUES (202, 1102, 4, '2002-01-03', '2025-01-02');
INSERT INTO `contract` VALUES (203, 1103, 4, '2003-01-07', '2030-10-08');
INSERT INTO `contract` VALUES (204, 1104, 4, '2003-01-05', '2029-01-04');
INSERT INTO `contract` VALUES (205, 1105, 4, '2000-01-11', '2024-01-12');
INSERT INTO `contract` VALUES (206, 1106, 4, '2003-01-02', '2030-01-07');
INSERT INTO `contract` VALUES (207, 1107, 4, '2001-08-02', '2025-10-08');
INSERT INTO `contract` VALUES (208, 1108, 4, '2003-01-09', '2022-07-02');
INSERT INTO `contract` VALUES (209, 1109, 4, '2001-01-07', '2025-06-09');
INSERT INTO `contract` VALUES (210, 1110, 4, '2002-01-05', '2030-11-07');
INSERT INTO `contract` VALUES (211, 1111, 4, '2001-01-10', '2024-07-10');
INSERT INTO `contract` VALUES (212, 1112, 4, '2002-01-05', '2021-01-02');
INSERT INTO `contract` VALUES (213, 1113, 4, '2001-01-08', '2023-06-07');
INSERT INTO `contract` VALUES (214, 1114, 4, '2002-02-12', '2025-01-07');
INSERT INTO `contract` VALUES (215, 1115, 4, '2001-01-05', '2025-02-05');
INSERT INTO `contract` VALUES (216, 1116, 4, '2002-06-08', '2025-01-03');
INSERT INTO `contract` VALUES (217, 1117, 4, '2003-01-04', '2028-06-07');
INSERT INTO `contract` VALUES (218, 1118, 4, '2002-03-02', '2026-01-12');
INSERT INTO `contract` VALUES (219, 1119, 4, '2002-01-12', '2026-01-06');
INSERT INTO `contract` VALUES (220, 1120, 4, '2003-01-07', '2024-01-01');
INSERT INTO `contract` VALUES (221, 1121, 4, '2000-01-11', '2026-01-10');
INSERT INTO `contract` VALUES (222, 1122, 4, '2001-01-09', '2022-07-08');
INSERT INTO `contract` VALUES (223, 1123, 4, '2003-01-08', '2026-01-03');
INSERT INTO `contract` VALUES (224, 1124, 4, '2001-05-10', '2027-01-04');
INSERT INTO `contract` VALUES (225, 1125, 4, '2003-01-01', '2025-01-01');
INSERT INTO `contract` VALUES (226, 1126, 4, '2001-01-01', '2026-04-02');
INSERT INTO `contract` VALUES (227, 1127, 4, '2003-01-10', '2028-04-09');
INSERT INTO `contract` VALUES (228, 1128, 4, '2003-03-04', '2028-01-05');
INSERT INTO `contract` VALUES (229, 1129, 4, '2002-01-08', '2025-01-11');
INSERT INTO `contract` VALUES (230, 1130, 4, '2002-10-04', '2026-01-07');
INSERT INTO `contract` VALUES (231, 1131, 4, '2002-11-02', '2026-01-06');
INSERT INTO `contract` VALUES (232, 1132, 4, '2002-06-04', '2030-12-02');
INSERT INTO `contract` VALUES (233, 1133, 4, '2003-08-09', '2030-01-02');
INSERT INTO `contract` VALUES (234, 1134, 4, '2001-08-08', '2021-01-03');
INSERT INTO `contract` VALUES (235, 1135, 4, '2002-01-05', '2029-01-05');
INSERT INTO `contract` VALUES (236, 1136, 4, '2001-01-11', '2023-01-06');
INSERT INTO `contract` VALUES (237, 1137, 4, '2000-01-12', '2027-05-06');
INSERT INTO `contract` VALUES (238, 1138, 4, '2002-01-04', '2029-01-07');
INSERT INTO `contract` VALUES (239, 1139, 4, '2001-01-11', '2021-01-04');
INSERT INTO `contract` VALUES (240, 1140, 4, '2003-01-05', '2024-01-12');
INSERT INTO `contract` VALUES (241, 1141, 4, '2003-01-04', '2021-01-10');
INSERT INTO `contract` VALUES (242, 1142, 4, '2003-01-06', '2024-05-11');
INSERT INTO `contract` VALUES (243, 1143, 4, '2002-10-12', '2023-05-06');
INSERT INTO `contract` VALUES (244, 1144, 4, '2003-01-08', '2021-01-04');
INSERT INTO `contract` VALUES (245, 1145, 4, '2001-01-03', '2030-01-10');
INSERT INTO `contract` VALUES (246, 1146, 4, '2003-01-10', '2021-01-08');
INSERT INTO `contract` VALUES (247, 1147, 4, '2002-01-03', '2023-01-01');
INSERT INTO `contract` VALUES (248, 1148, 4, '2003-06-08', '2026-01-01');
INSERT INTO `contract` VALUES (249, 1149, 4, '2000-11-12', '2024-03-07');
INSERT INTO `contract` VALUES (250, 1150, 4, '2001-01-01', '2029-01-11');
INSERT INTO `contract` VALUES (251, 1151, 4, '2001-07-07', '2022-07-04');
INSERT INTO `contract` VALUES (252, 1152, 4, '2002-01-12', '2028-04-12');
INSERT INTO `contract` VALUES (253, 1153, 4, '2003-01-02', '2027-05-08');
INSERT INTO `contract` VALUES (254, 1154, 4, '2003-01-03', '2029-01-08');
INSERT INTO `contract` VALUES (255, 1155, 4, '2002-01-07', '2025-01-04');
INSERT INTO `contract` VALUES (256, 1156, 4, '2002-01-08', '2022-01-02');
INSERT INTO `contract` VALUES (257, 1157, 4, '2002-12-09', '2021-01-01');
INSERT INTO `contract` VALUES (258, 1158, 4, '2002-01-11', '2030-06-02');
INSERT INTO `contract` VALUES (259, 1159, 4, '2001-01-11', '2028-02-01');
INSERT INTO `contract` VALUES (260, 1160, 4, '2003-01-09', '2024-02-04');
INSERT INTO `contract` VALUES (261, 1161, 4, '2002-01-08', '2026-01-05');
INSERT INTO `contract` VALUES (262, 1162, 4, '2001-06-07', '2026-01-06');
INSERT INTO `contract` VALUES (263, 1163, 4, '2001-06-09', '2029-01-02');
INSERT INTO `contract` VALUES (264, 1164, 4, '2003-04-11', '2027-11-02');
INSERT INTO `contract` VALUES (265, 1165, 4, '2001-06-12', '2030-04-04');
INSERT INTO `contract` VALUES (266, 1166, 4, '2002-01-08', '2023-02-04');
INSERT INTO `contract` VALUES (267, 1167, 4, '2003-01-02', '2028-08-10');
INSERT INTO `contract` VALUES (268, 1168, 4, '2002-01-07', '2027-01-12');
INSERT INTO `contract` VALUES (269, 1169, 4, '2002-01-10', '2027-01-02');
INSERT INTO `contract` VALUES (270, 1170, 4, '2003-01-04', '2027-09-03');
INSERT INTO `contract` VALUES (271, 1171, 5, '2001-01-11', '2022-01-03');
INSERT INTO `contract` VALUES (272, 1172, 5, '2002-12-02', '2030-01-10');
INSERT INTO `contract` VALUES (273, 1173, 5, '2001-02-05', '2029-07-04');
INSERT INTO `contract` VALUES (274, 1174, 5, '2002-01-12', '2022-05-04');
INSERT INTO `contract` VALUES (275, 1175, 5, '2001-01-10', '2026-08-03');
INSERT INTO `contract` VALUES (276, 1176, 5, '2003-01-07', '2026-01-11');
INSERT INTO `contract` VALUES (277, 1177, 5, '2002-08-07', '2023-06-12');
INSERT INTO `contract` VALUES (278, 1178, 5, '2003-11-11', '2025-03-07');
INSERT INTO `contract` VALUES (279, 1179, 5, '2002-01-10', '2030-01-03');
INSERT INTO `contract` VALUES (280, 1180, 5, '2002-01-11', '2025-11-12');
INSERT INTO `contract` VALUES (281, 1181, 5, '2003-01-11', '2022-01-01');
INSERT INTO `contract` VALUES (282, 1182, 5, '2002-01-10', '2029-01-08');
INSERT INTO `contract` VALUES (283, 1183, 5, '2002-01-02', '2023-01-08');
INSERT INTO `contract` VALUES (284, 1184, 5, '2001-02-02', '2027-01-07');
INSERT INTO `contract` VALUES (285, 1185, 5, '2003-07-01', '2028-01-04');
INSERT INTO `contract` VALUES (286, 1186, 5, '2001-01-07', '2028-01-09');
INSERT INTO `contract` VALUES (287, 1187, 5, '2003-01-03', '2028-04-12');
INSERT INTO `contract` VALUES (288, 1188, 5, '2002-01-01', '2030-01-09');
INSERT INTO `contract` VALUES (289, 1189, 5, '2002-01-08', '2028-03-10');
INSERT INTO `contract` VALUES (290, 1190, 5, '2003-01-10', '2021-01-05');
INSERT INTO `contract` VALUES (291, 1191, 5, '2003-01-09', '2022-01-05');
INSERT INTO `contract` VALUES (292, 1192, 5, '2002-01-12', '2025-11-07');
INSERT INTO `contract` VALUES (293, 1193, 5, '2003-06-05', '2029-04-01');
INSERT INTO `contract` VALUES (294, 1194, 5, '2001-04-12', '2026-01-12');
INSERT INTO `contract` VALUES (295, 1195, 5, '2001-01-10', '2025-09-06');
INSERT INTO `contract` VALUES (296, 1196, 5, '2001-01-10', '2030-12-06');
INSERT INTO `contract` VALUES (297, 1197, 5, '2003-12-11', '2022-09-02');
INSERT INTO `contract` VALUES (298, 1198, 5, '2002-01-12', '2027-01-08');
INSERT INTO `contract` VALUES (299, 1199, 5, '2001-10-08', '2024-01-04');
INSERT INTO `contract` VALUES (300, 1200, 5, '2003-01-01', '2027-01-06');
INSERT INTO `contract` VALUES (301, 1201, 5, '2001-01-02', '2027-04-09');
INSERT INTO `contract` VALUES (302, 1202, 5, '2001-08-01', '2023-05-04');
INSERT INTO `contract` VALUES (303, 1203, 5, '2002-01-04', '2022-01-02');
INSERT INTO `contract` VALUES (304, 1204, 5, '2001-01-10', '2026-01-12');
INSERT INTO `contract` VALUES (305, 1205, 6, '2001-01-05', '2029-04-03');
INSERT INTO `contract` VALUES (306, 1206, 6, '2001-12-12', '2030-01-07');
INSERT INTO `contract` VALUES (307, 1207, 6, '2003-01-09', '2026-01-12');
INSERT INTO `contract` VALUES (308, 1208, 6, '2002-01-03', '2028-01-12');
INSERT INTO `contract` VALUES (309, 1209, 6, '2002-10-12', '2025-10-06');
INSERT INTO `contract` VALUES (310, 1210, 6, '2001-01-02', '2027-02-10');
INSERT INTO `contract` VALUES (311, 1211, 6, '2001-01-01', '2024-01-05');
INSERT INTO `contract` VALUES (312, 1212, 6, '2001-01-07', '2027-01-08');
INSERT INTO `contract` VALUES (313, 1213, 6, '2002-01-11', '2025-01-08');
INSERT INTO `contract` VALUES (314, 1214, 6, '2001-11-01', '2021-01-10');
INSERT INTO `contract` VALUES (315, 1215, 6, '2003-01-07', '2024-02-01');
INSERT INTO `contract` VALUES (316, 1216, 6, '2002-01-04', '2024-07-02');
INSERT INTO `contract` VALUES (317, 1217, 6, '2002-04-06', '2024-12-09');
INSERT INTO `contract` VALUES (318, 1218, 6, '2002-01-02', '2030-04-05');
INSERT INTO `contract` VALUES (319, 1219, 6, '2003-06-07', '2023-01-11');
INSERT INTO `contract` VALUES (320, 1220, 6, '2001-09-02', '2023-01-11');
INSERT INTO `contract` VALUES (321, 1221, 6, '2002-01-10', '2027-03-06');
INSERT INTO `contract` VALUES (322, 1222, 6, '2001-12-11', '2022-01-11');
INSERT INTO `contract` VALUES (323, 1223, 6, '2002-01-08', '2026-01-01');
INSERT INTO `contract` VALUES (324, 1224, 6, '2001-01-11', '2021-12-07');
INSERT INTO `contract` VALUES (325, 1225, 6, '2003-12-03', '2030-01-04');
INSERT INTO `contract` VALUES (326, 1226, 6, '2001-04-01', '2023-01-09');
INSERT INTO `contract` VALUES (327, 1227, 6, '2002-01-10', '2030-01-03');
INSERT INTO `contract` VALUES (328, 1228, 6, '2002-01-09', '2028-01-07');
INSERT INTO `contract` VALUES (329, 1229, 6, '2002-11-10', '2025-01-07');
INSERT INTO `contract` VALUES (330, 1230, 7, '2000-05-12', '2028-01-11');
INSERT INTO `contract` VALUES (331, 1231, 7, '2002-01-04', '2030-01-09');
INSERT INTO `contract` VALUES (332, 1232, 7, '2003-01-06', '2029-01-02');
INSERT INTO `contract` VALUES (333, 1233, 7, '2001-02-12', '2023-11-04');
INSERT INTO `contract` VALUES (334, 1234, 7, '2001-01-02', '2022-05-07');
INSERT INTO `contract` VALUES (335, 1235, 7, '2000-01-12', '2029-01-11');
INSERT INTO `contract` VALUES (336, 1236, 7, '2003-01-09', '2027-05-08');
INSERT INTO `contract` VALUES (337, 1237, 7, '2003-01-01', '2029-06-08');
INSERT INTO `contract` VALUES (338, 1238, 7, '2002-01-03', '2030-12-11');
INSERT INTO `contract` VALUES (339, 1239, 7, '2002-11-04', '2026-01-08');
INSERT INTO `contract` VALUES (340, 1240, 7, '2001-02-07', '2028-08-10');
INSERT INTO `contract` VALUES (341, 1241, 7, '2001-02-06', '2023-09-03');
INSERT INTO `contract` VALUES (342, 1242, 7, '2003-01-09', '2026-01-04');
INSERT INTO `contract` VALUES (343, 1243, 7, '2001-01-08', '2027-08-07');
INSERT INTO `contract` VALUES (344, 1244, 7, '2002-03-01', '2029-01-06');
INSERT INTO `contract` VALUES (345, 1245, 7, '2002-01-11', '2026-01-02');
INSERT INTO `contract` VALUES (346, 1246, 7, '2003-08-10', '2023-01-03');
INSERT INTO `contract` VALUES (347, 1247, 7, '2001-05-12', '2028-01-07');
INSERT INTO `contract` VALUES (348, 1248, 7, '2001-01-08', '2030-06-11');
INSERT INTO `contract` VALUES (349, 1249, 7, '2002-01-11', '2028-03-04');
INSERT INTO `contract` VALUES (350, 1250, 7, '2001-01-12', '2022-01-12');
INSERT INTO `contract` VALUES (351, 1251, 7, '2003-07-05', '2023-01-09');
INSERT INTO `contract` VALUES (352, 1252, 7, '2002-01-04', '2025-01-08');

-- ----------------------------
-- Table structure for department
-- ----------------------------
DROP TABLE IF EXISTS `department`;
CREATE TABLE `department`  (
  `did` int(11) NOT NULL,
  `dname` varchar(30) CHARACTER SET utf8mb4 COLLATE utf8mb4_0900_ai_ci NULL DEFAULT NULL,
  `meid` int(11) NULL DEFAULT NULL,
  `mname` varchar(30) CHARACTER SET utf8mb4 COLLATE utf8mb4_0900_ai_ci NULL DEFAULT NULL,
  `budget` int(11) NULL DEFAULT NULL,
  PRIMARY KEY (`did`) USING BTREE
) ENGINE = InnoDB CHARACTER SET = utf8mb4 COLLATE = utf8mb4_0900_ai_ci ROW_FORMAT = Dynamic;

-- ----------------------------
-- Records of department
-- ----------------------------
INSERT INTO `department` VALUES (1, 'Security Department', 1001, 'caoweijun', 70000);
INSERT INTO `department` VALUES (2, 'Financial Department', 1069, 'chenliping', 13000);
INSERT INTO `department` VALUES (3, 'Official Department', 1080, 'chenhaihu', 36000);
INSERT INTO `department` VALUES (4, 'Peace Hotel', 1102, 'dongbaoying', 80000);
INSERT INTO `department` VALUES (5, 'Exhibition Center', 1171, 'chenaidi', 40000);
INSERT INTO `department` VALUES (6, 'Support Department', 1205, 'caoguixiang', 30000);
INSERT INTO `department` VALUES (7, 'Property Department', 1230, 'fengjianyao', 28000);

-- ----------------------------
-- Table structure for employees
-- ----------------------------
DROP TABLE IF EXISTS `employees`;
CREATE TABLE `employees`  (
  `eid` int(11) NOT NULL,
  `ename` varchar(30) CHARACTER SET utf8mb4 COLLATE utf8mb4_0900_ai_ci NULL DEFAULT NULL,
  `gender` varchar(10) CHARACTER SET utf8mb4 COLLATE utf8mb4_0900_ai_ci NULL DEFAULT NULL,
  `age` int(11) NULL DEFAULT NULL,
  `salary` double NULL DEFAULT NULL,
  `department` varchar(30) CHARACTER SET utf8mb4 COLLATE utf8mb4_0900_ai_ci NULL DEFAULT NULL,
  `address` varchar(30) CHARACTER SET utf8mb4 COLLATE utf8mb4_0900_ai_ci NULL DEFAULT NULL,
  PRIMARY KEY (`eid`) USING BTREE
) ENGINE = InnoDB CHARACTER SET = utf8mb4 COLLATE = utf8mb4_0900_ai_ci ROW_FORMAT = Dynamic;

-- ----------------------------
-- Records of employees
-- ----------------------------
INSERT INTO `employees` VALUES (1001, 'caoweijun', 'male      ', 50, 1600, 'Security Department', '1819 Hallows Park');
INSERT INTO `employees` VALUES (1002, 'caoyajun', 'male      ', 48, 1510, 'Security Department', '1421 Crescent Oaks Circle');
INSERT INTO `employees` VALUES (1003, 'caoyi', 'male      ', 38, 820, 'Security Department', '46 Ryan Court');
INSERT INTO `employees` VALUES (1004, 'chenjian', 'male      ', 42, 820, 'Security Department', '56473 Upham Terrace');
INSERT INTO `employees` VALUES (1005, 'chenxia', 'female    ', 44, 740, 'Security Department', '6 Shopko Center');
INSERT INTO `employees` VALUES (1006, 'dinghailin', 'male      ', 42, 820, 'Security Department', '377 Brentwood Court');
INSERT INTO `employees` VALUES (1007, 'dingzhiguo', 'male      ', 42, 820, 'Security Department', '7 Kropf Alley');
INSERT INTO `employees` VALUES (1008, 'dongfei', 'male      ', 32, 740, 'Security Department', '8397 Sundown Trail');
INSERT INTO `employees` VALUES (1009, 'fanhaihong', 'male      ', 51, 1310, 'Security Department', '5 Waywood Trail');
INSERT INTO `employees` VALUES (1010, 'fannaijiang', 'male      ', 55, 1600, 'Security Department', '77 Helena Parkway');
INSERT INTO `employees` VALUES (1011, 'fuqinhua', 'female    ', 45, 860, 'Security Department', '0696 Helena Center');
INSERT INTO `employees` VALUES (1012, 'gebinghong', 'male      ', 59, 1190, 'Security Department', '580 North Park');
INSERT INTO `employees` VALUES (1013, 'hanjianwei', 'male      ', 47, 860, 'Security Department', '1 Logan Park');
INSERT INTO `employees` VALUES (1014, 'hanliangjun', 'male      ', 37, 780, 'Security Department', '0662 Buena Vista Way');
INSERT INTO `employees` VALUES (1015, 'herunpei', 'male      ', 51, 640, 'Security Department', '38364 Tennessee Alley');
INSERT INTO `employees` VALUES (1016, 'jiangjiexin', 'male      ', 34, 940, 'Security Department', '43 Gina Point');
INSERT INTO `employees` VALUES (1017, 'jinyonglin', 'male      ', 57, 1070, 'Security Department', '861 Birchwood Place');
INSERT INTO `employees` VALUES (1018, 'laoguoping', 'female    ', 47, 860, 'Security Department', '58 Florence Parkway');
INSERT INTO `employees` VALUES (1019, 'laolianjun', 'male      ', 49, 1070, 'Security Department', '08982 Merry Avenue');
INSERT INTO `employees` VALUES (1020, 'leiwubao', 'male      ', 56, 1310, 'Security Department', '9 Weeping Birch Plaza');
INSERT INTO `employees` VALUES (1021, 'lishengjun', 'male      ', 41, 940, 'Security Department', '7 Brentwood Trail');
INSERT INTO `employees` VALUES (1022, 'lixiang', 'male      ', 48, 1600, 'Security Department', '79 Merry Hill');
INSERT INTO `employees` VALUES (1023, 'lujianqiang', 'male      ', 46, 1650, 'Security Department', '353 Bonner Junction');
INSERT INTO `employees` VALUES (1024, 'mohaiming', 'male      ', 40, 780, 'Security Department', '1 Village Green Point');
INSERT INTO `employees` VALUES (1025, 'qianliang', 'male      ', 37, 780, 'Security Department', '4734 Burrows Street');
INSERT INTO `employees` VALUES (1026, 'qinfuming', 'male      ', 56, 900, 'Security Department', '297 Goodland Terrace');
INSERT INTO `employees` VALUES (1027, 'qinhongli', 'female    ', 48, 870, 'Security Department', '8 Westerfield Hill');
INSERT INTO `employees` VALUES (1028, 'shenguigen', 'male      ', 61, 780, 'Security Department', '69 Dexter Crossing');
INSERT INTO `employees` VALUES (1029, 'shenguorong', 'male      ', 49, 870, 'Security Department', '13503 Graceland Court');
INSERT INTO `employees` VALUES (1030, 'shenyegen', 'male      ', 48, 870, 'Security Department', '22 Hallows Terrace');
INSERT INTO `employees` VALUES (1031, 'shijianhua', 'male      ', 48, 1600, 'Security Department', '56 Armistice Court');
INSERT INTO `employees` VALUES (1032, 'shouruguo', 'male      ', 58, 1070, 'Security Department', '842 Portage Junction');
INSERT INTO `employees` VALUES (1033, 'sunchengying', 'male      ', 57, 740, 'Security Department', '3159 Fisk Center');
INSERT INTO `employees` VALUES (1034, 'tuhangli', 'female    ', 59, 1400, 'Security Department', '0971 Sachtjen Alley');
INSERT INTO `employees` VALUES (1035, 'wangdashu', 'male      ', 45, 780, 'Security Department', '4149 Crownhardt Circle');
INSERT INTO `employees` VALUES (1036, 'wangbaodong', 'male      ', 43, 740, 'Security Department', '737 Hudson Crossing');
INSERT INTO `employees` VALUES (1037, 'wanghuiqin', 'female    ', 49, 870, 'Security Department', '5 Everett Center');
INSERT INTO `employees` VALUES (1038, 'wangjufen', 'female    ', 48, 870, 'Security Department', '6922 Talisman Park');
INSERT INTO `employees` VALUES (1039, 'weicen', 'male      ', 49, 1600, 'Security Department', '2 Rowland Hill');
INSERT INTO `employees` VALUES (1040, 'weizhixiang', 'male      ', 58, 870, 'Security Department', '5 Judy Park');
INSERT INTO `employees` VALUES (1041, 'wudingsheng', 'male      ', 46, 1190, 'Security Department', '378 Bayside Way');
INSERT INTO `employees` VALUES (1042, 'wuguomin', 'male      ', 57, 870, 'Security Department', '15 Elmside Junction');
INSERT INTO `employees` VALUES (1043, 'xialing', 'female    ', 47, 860, 'Security Department', '0 La Follette Circle');
INSERT INTO `employees` VALUES (1044, 'xiebing', 'male      ', 42, 820, 'Security Department', '82 Canary Avenue');
INSERT INTO `employees` VALUES (1045, 'xiejun', 'male      ', 50, 870, 'Security Department', '5 Truax Crossing');
INSERT INTO `employees` VALUES (1046, 'xuguangming', 'male      ', 61, 940, 'Security Department', '8671 Warner Center');
INSERT INTO `employees` VALUES (1047, 'xuliang', 'male      ', 29, 1190, 'Security Department', '2730 Toban Center');
INSERT INTO `employees` VALUES (1048, 'xuzhonghua', 'male      ', 50, 1070, 'Security Department', '00 Vernon Point');
INSERT INTO `employees` VALUES (1049, 'yanyongmei', 'female    ', 44, 860, 'Security Department', '7 Sunnyside Pass');
INSERT INTO `employees` VALUES (1050, 'yaoguoming', 'male      ', 56, 980, 'Security Department', '1 Hauk Alley');
INSERT INTO `employees` VALUES (1051, 'yaolinshu', 'male      ', 50, 640, 'Security Department', '1501 Glendale Hill');
INSERT INTO `employees` VALUES (1052, 'yebaoguo', 'male      ', 54, 1070, 'Security Department', '7 Barnett Junction');
INSERT INTO `employees` VALUES (1053, 'yejian', 'male      ', 42, 820, 'Security Department', '9255 Lukken Street');
INSERT INTO `employees` VALUES (1054, 'fangliangdong', 'male      ', 36, 780, 'Security Department', '112 Scoville Center');
INSERT INTO `employees` VALUES (1055, 'fangweiyong', 'male      ', 51, 1070, 'Security Department', '2 Arkansas Avenue');
INSERT INTO `employees` VALUES (1056, 'yuyanfei', 'female    ', 47, 860, 'Security Department', '23226 Coolidge Park');
INSERT INTO `employees` VALUES (1057, 'yuzhongming', 'male      ', 50, 870, 'Security Department', '34 Waubesa Terrace');
INSERT INTO `employees` VALUES (1058, 'zhangjuxiang', 'female    ', 50, 870, 'Security Department', '614 Shopko Street');
INSERT INTO `employees` VALUES (1059, 'zhangwei', 'male      ', 56, 870, 'Security Department', '9187 Muir Road');
INSERT INTO `employees` VALUES (1060, 'zhangdigao', 'male      ', 58, 870, 'Security Department', '474 Cordelia Way');
INSERT INTO `employees` VALUES (1061, 'zhengzhihong', 'male      ', 58, 740, 'Security Department', '69096 Autumn Leaf Pass');
INSERT INTO `employees` VALUES (1062, 'zhengzhiyong', 'male      ', 53, 1600, 'Security Department', '6 Prairieview Street');
INSERT INTO `employees` VALUES (1063, 'zhongmin', 'male      ', 54, 740, 'Security Department', '23 Prentice Avenue');
INSERT INTO `employees` VALUES (1064, 'zhoujun', 'male      ', 47, 1060, 'Security Department', '91109 3rd Crossing');
INSERT INTO `employees` VALUES (1065, 'chenmeijuan', 'female    ', 51, 1650, 'Security Department', '22 Lotheville Crossing');
INSERT INTO `employees` VALUES (1066, 'luoyanru', 'female    ', 33, 1650, 'Security Department', '1248 Waywood Crossing');
INSERT INTO `employees` VALUES (1067, 'shenliping', 'female    ', 43, 860, 'Security Department', '436 Cody Drive');
INSERT INTO `employees` VALUES (1068, 'xuxianying', 'female    ', 44, 1310, 'Security Department', '38916 Farmco Avenue');
INSERT INTO `employees` VALUES (1069, 'chenliping', 'female    ', 55, 1600, 'Financial Department', '172 Springview Avenue');
INSERT INTO `employees` VALUES (1070, 'feijianfang', 'female    ', 45, 1160, 'Financial Department', '07 Farwell Lane');
INSERT INTO `employees` VALUES (1071, 'liaowenqun', 'female    ', 47, 1160, 'Financial Department', '96 Manufacturers Court');
INSERT INTO `employees` VALUES (1072, 'lufengqin', 'female    ', 45, 860, 'Financial Department', '26 Oak Parkway');
INSERT INTO `employees` VALUES (1073, 'shenhong', 'female    ', 45, 940, 'Financial Department', '55 1st Trail');
INSERT INTO `employees` VALUES (1074, 'wuyufang', 'female    ', 48, 1170, 'Financial Department', '13 Green Parkway');
INSERT INTO `employees` VALUES (1075, 'yuliya', 'female    ', 38, 940, 'Financial Department', '8 Oriole Parkway');
INSERT INTO `employees` VALUES (1076, 'yuhongjuan', 'female    ', 33, 740, 'Financial Department', '91426 Corscot Road');
INSERT INTO `employees` VALUES (1077, 'zhouqin', 'female    ', 40, 1120, 'Financial Department', '86 Morningstar Court');
INSERT INTO `employees` VALUES (1078, 'zhujinmei', 'female    ', 46, 1160, 'Financial Department', '0 Dryden Park');
INSERT INTO `employees` VALUES (1079, 'zhuxiaochun', 'female    ', 49, 1160, 'Financial Department', '43200 Mariners Cove Court');
INSERT INTO `employees` VALUES (1080, 'chenhaihu', 'male      ', 57, 870, 'Official Department', '85 Havey Place');
INSERT INTO `employees` VALUES (1081, 'chenxiaoming', 'male      ', 38, 5000, 'Official Department', '9377 Melody Lane');
INSERT INTO `employees` VALUES (1082, 'wuhuijuan', 'female    ', 55, 2500, 'Official Department', '0 South Circle');
INSERT INTO `employees` VALUES (1083, 'xutangying', 'female    ', 51, 850, 'Official Department', '57576 Lotheville Road');
INSERT INTO `employees` VALUES (1084, 'shenbiao', 'male      ', 45, 3500, 'Official Department', '8699 Clyde Gallagher Drive');
INSERT INTO `employees` VALUES (1085, 'shenying', 'female    ', 47, 1600, 'Official Department', '1 Melody Terrace');
INSERT INTO `employees` VALUES (1086, 'wangshangen', 'male      ', 57, 1600, 'Official Department', '5 Thierer Pass');
INSERT INTO `employees` VALUES (1087, 'weizhiqing', 'male      ', 68, 2500, 'Official Department', '39 Hallows Court');
INSERT INTO `employees` VALUES (1088, 'xiehuiyong', 'male      ', 48, 1600, 'Official Department', '07752 Eastwood Point');
INSERT INTO `employees` VALUES (1089, 'xufang', 'female    ', 36, 980, 'Official Department', '018 Erie Crossing');
INSERT INTO `employees` VALUES (1090, 'yeling', 'female    ', 36, 960, 'Official Department', '831 Hauk Crossing');
INSERT INTO `employees` VALUES (1091, 'yujihong', 'male      ', 48, 1600, 'Official Department', '48 Darwin Terrace');
INSERT INTO `employees` VALUES (1092, 'zhangjie', 'male      ', 39, 740, 'Official Department', '10 Mcguire Avenue');
INSERT INTO `employees` VALUES (1093, 'wenglijun', 'female    ', 40, 740, 'Official Department', '5 Cottonwood Avenue');
INSERT INTO `employees` VALUES (1094, 'chenwenbiao', 'male      ', 49, 1710, 'Official Department', '1956 Stephen Court');
INSERT INTO `employees` VALUES (1095, 'gaojianguo', 'male      ', 49, 1710, 'Official Department', '3 Main Terrace');
INSERT INTO `employees` VALUES (1096, 'huangweikui', 'male      ', 40, 1510, 'Official Department', '46 Pond Circle');
INSERT INTO `employees` VALUES (1097, 'chenli', 'male      ', 52, 600, 'Official Department', '7041 Forest Court');
INSERT INTO `employees` VALUES (1098, 'maoyuxin', 'male      ', 53, 1600, 'Official Department', '92 Grover Crossing');
INSERT INTO `employees` VALUES (1099, 'xumin', 'male      ', 39, 820, 'Official Department', '824 Elka Alley');
INSERT INTO `employees` VALUES (1100, 'wangyi', 'female    ', 39, 1200, 'Official Department', '24578 Warner Plaza');
INSERT INTO `employees` VALUES (1101, 'xuyan', 'female    ', 42, 820, 'Official Department', '86589 Jay Hill');
INSERT INTO `employees` VALUES (1102, 'dongbaoying', 'female    ', 43, 1650, 'Peace Hotel', '9553 Hayes Place');
INSERT INTO `employees` VALUES (1103, 'heqing', 'female    ', 39, 960, 'Peace Hotel', '03676 Hoepker Terrace');
INSERT INTO `employees` VALUES (1104, 'shitianshun', 'male      ', 40, 1650, 'Peace Hotel', '7028 New Castle Lane');
INSERT INTO `employees` VALUES (1105, 'sunmenglei', 'female    ', 40, 1650, 'Peace Hotel', '9 Nobel Point');
INSERT INTO `employees` VALUES (1106, 'wangxinrong', 'male      ', 50, 1680, 'Peace Hotel', '81 Pierstorff Road');
INSERT INTO `employees` VALUES (1107, 'wengchunmei', 'female    ', 46, 850, 'Peace Hotel', '62424 Eliot Street');
INSERT INTO `employees` VALUES (1108, 'zhouyan', 'female    ', 43, 850, 'Peace Hotel', '0269 Hollow Ridge Center');
INSERT INTO `employees` VALUES (1109, 'dingjianhua', 'male      ', 59, 600, 'Peace Hotel', '3 Summer Ridge Point');
INSERT INTO `employees` VALUES (1110, 'hanjiangtao', 'male      ', 32, 1650, 'Peace Hotel', '66625 Debra Park');
INSERT INTO `employees` VALUES (1111, 'jinlipeng', 'male      ', 49, 600, 'Peace Hotel', '83 Derek Hill');
INSERT INTO `employees` VALUES (1112, 'liguomin', 'male      ', 49, 850, 'Peace Hotel', '1835 Sachs Road');
INSERT INTO `employees` VALUES (1113, 'liguoxiang', 'male      ', 59, 600, 'Peace Hotel', '44908 Golf Course Parkway');
INSERT INTO `employees` VALUES (1114, 'liwenjing', 'female    ', 47, 1210, 'Peace Hotel', '412 Goodland Drive');
INSERT INTO `employees` VALUES (1115, 'marugen', 'male      ', 60, 1860, 'Peace Hotel', '4 8th Road');
INSERT INTO `employees` VALUES (1116, 'mengzhaobing', 'male      ', 50, 850, 'Peace Hotel', '86 Hintze Alley');
INSERT INTO `employees` VALUES (1117, 'pengminzhou', 'male      ', 47, 850, 'Peace Hotel', '441 Bayside Plaza');
INSERT INTO `employees` VALUES (1118, 'sunyunqing', 'female    ', 45, 1650, 'Peace Hotel', '36 Bonner Junction');
INSERT INTO `employees` VALUES (1119, 'wangjiandong', 'male      ', 45, 780, 'Peace Hotel', '03 Kipling Point');
INSERT INTO `employees` VALUES (1120, 'wangxiulei', 'male      ', 44, 960, 'Peace Hotel', '7 Ruskin Drive');
INSERT INTO `employees` VALUES (1121, 'xiezhirong', 'male      ', 56, 1600, 'Peace Hotel', '8 Superior Park');
INSERT INTO `employees` VALUES (1122, 'zhangjianping', 'male      ', 56, 1650, 'Peace Hotel', '0218 Autumn Leaf Trail');
INSERT INTO `employees` VALUES (1123, 'caoguangxia', 'female    ', 40, 1310, 'Peace Hotel', '18602 Summer Ridge Road');
INSERT INTO `employees` VALUES (1124, 'danjiulin', 'female    ', 42, 1310, 'Peace Hotel', '22 Laurel Drive');
INSERT INTO `employees` VALUES (1125, 'fanghuamei', 'female    ', 42, 850, 'Peace Hotel', '42 Tennyson Plaza');
INSERT INTO `employees` VALUES (1126, 'hongxindi', 'female    ', 48, 960, 'Peace Hotel', '8 Park Meadow Street');
INSERT INTO `employees` VALUES (1127, 'huweihong', 'female    ', 41, 1310, 'Peace Hotel', '5 Arrowood Hill');
INSERT INTO `employees` VALUES (1128, 'huangyan', 'female    ', 41, 960, 'Peace Hotel', '25 Eggendart Junction');
INSERT INTO `employees` VALUES (1129, 'lishuling', 'female    ', 49, 960, 'Peace Hotel', '6 5th Pass');
INSERT INTO `employees` VALUES (1130, 'luyongsheng', 'male      ', 50, 870, 'Peace Hotel', '564 Rowland Road');
INSERT INTO `employees` VALUES (1131, 'luoqingyu', 'female    ', 40, 850, 'Peace Hotel', '48 Homewood Road');
INSERT INTO `employees` VALUES (1132, 'ningliqing', 'female    ', 50, 850, 'Peace Hotel', '119 Cardinal Alley');
INSERT INTO `employees` VALUES (1133, 'pudongqiong', 'female    ', 45, 1190, 'Peace Hotel', '748 American Ash Pass');
INSERT INTO `employees` VALUES (1134, 'shimeixia', 'female    ', 43, 1310, 'Peace Hotel', '936 Ruskin Alley');
INSERT INTO `employees` VALUES (1135, 'wumeiqin', 'female    ', 48, 960, 'Peace Hotel', '12 Dixon Circle');
INSERT INTO `employees` VALUES (1136, 'wuxianyuan', 'female    ', 42, 600, 'Peace Hotel', '48067 Schurz Alley');
INSERT INTO `employees` VALUES (1137, 'wuyuexia', 'female    ', 45, 1100, 'Peace Hotel', '9156 Towne Hill');
INSERT INTO `employees` VALUES (1138, 'xiangbin', 'female    ', 53, 1700, 'Peace Hotel', '389 Porter Junction');
INSERT INTO `employees` VALUES (1139, 'xujing', 'female    ', 50, 850, 'Peace Hotel', '6081 Merrick Drive');
INSERT INTO `employees` VALUES (1140, 'yangqingmei', 'female    ', 44, 1100, 'Peace Hotel', '0763 Dexter Drive');
INSERT INTO `employees` VALUES (1141, 'yangyanjuan', 'female    ', 43, 850, 'Peace Hotel', '7380 Dryden Center');
INSERT INTO `employees` VALUES (1142, 'yaoyuanju', 'female    ', 46, 850, 'Peace Hotel', '098 Talmadge Street');
INSERT INTO `employees` VALUES (1143, 'yuqianli', 'female    ', 44, 850, 'Peace Hotel', '6332 Rieder Circle');
INSERT INTO `employees` VALUES (1144, 'zengyanping', 'female    ', 37, 960, 'Peace Hotel', '0091 Melrose Point');
INSERT INTO `employees` VALUES (1145, 'zhangxuemei', 'female    ', 43, 1100, 'Peace Hotel', '46755 Hanson Alley');
INSERT INTO `employees` VALUES (1146, 'zhuguolan', 'female    ', 45, 1100, 'Peace Hotel', '0 Prentice Crossing');
INSERT INTO `employees` VALUES (1147, 'zouxiaoqun', 'female    ', 39, 960, 'Peace Hotel', '7735 Commercial Junction');
INSERT INTO `employees` VALUES (1148, 'caojun', 'male      ', 47, 850, 'Peace Hotel', '93 Thackeray Alley');
INSERT INTO `employees` VALUES (1149, 'chenjianping', 'male      ', 50, 850, 'Peace Hotel', '4566 Arizona Avenue');
INSERT INTO `employees` VALUES (1150, 'chengminghai', 'male      ', 46, 850, 'Peace Hotel', '24 Manley Circle');
INSERT INTO `employees` VALUES (1151, 'fengzhixiang', 'male      ', 59, 850, 'Peace Hotel', '6 Helena Pass');
INSERT INTO `employees` VALUES (1152, 'qianweiqin', 'male      ', 48, 850, 'Peace Hotel', '4 Bobwhite Circle');
INSERT INTO `employees` VALUES (1153, 'shenxu', 'male      ', 48, 850, 'Peace Hotel', '24022 Maple Wood Parkway');
INSERT INTO `employees` VALUES (1154, 'chendongxing', 'male      ', 48, 850, 'Peace Hotel', '0 Merchant Terrace');
INSERT INTO `employees` VALUES (1155, 'hezaihong', 'female    ', 46, 1650, 'Peace Hotel', '39969 Nevada Road');
INSERT INTO `employees` VALUES (1156, 'huangping', 'female    ', 45, 850, 'Peace Hotel', '5740 Steensland Court');
INSERT INTO `employees` VALUES (1157, 'jijinchun', 'male      ', 45, 850, 'Peace Hotel', '4318 Moose Drive');
INSERT INTO `employees` VALUES (1158, 'liguoyou', 'male      ', 48, 1500, 'Peace Hotel', '2876 Park Meadow Hill');
INSERT INTO `employees` VALUES (1159, 'liuzhan', 'male      ', 33, 1100, 'Peace Hotel', '421 Eagan Trail');
INSERT INTO `employees` VALUES (1160, 'liuxiaoying', 'female    ', 33, 1650, 'Peace Hotel', '93 Starling Place');
INSERT INTO `employees` VALUES (1161, 'shiaifang', 'female    ', 33, 1200, 'Peace Hotel', '10 Dunning Junction');
INSERT INTO `employees` VALUES (1162, 'songyuanxiang', 'female    ', 51, 1100, 'Peace Hotel', '3 Cottonwood Place');
INSERT INTO `employees` VALUES (1163, 'wangdan', 'female    ', 35, 1310, 'Peace Hotel', '44 Eastwood Parkway');
INSERT INTO `employees` VALUES (1164, 'wanghui', 'female    ', 39, 960, 'Peace Hotel', '2116 Sunfield Hill');
INSERT INTO `employees` VALUES (1165, 'wangwenqing', 'female    ', 26, 1650, 'Peace Hotel', '8850 Mendota Pass');
INSERT INTO `employees` VALUES (1166, 'xuyan', 'female    ', 41, 850, 'Peace Hotel', '05 Hollow Ridge Center');
INSERT INTO `employees` VALUES (1167, 'yangxiaojuan', 'female    ', 34, 1310, 'Peace Hotel', '77048 Village Alley');
INSERT INTO `employees` VALUES (1168, 'yudandan', 'female    ', 42, 850, 'Peace Hotel', '1973 Dayton Circle');
INSERT INTO `employees` VALUES (1169, 'zhanghaoran', 'male      ', 21, 1650, 'Peace Hotel', '3 Crescent Oaks Street');
INSERT INTO `employees` VALUES (1170, 'zhangjianfen', 'female    ', 47, 1650, 'Peace Hotel', '4122 Hanover Center');
INSERT INTO `employees` VALUES (1171, 'chenaidi', 'female    ', 39, 940, 'Exhibition Center', '1939 Meadow Valley Junction');
INSERT INTO `employees` VALUES (1172, 'chenlirong', 'female    ', 46, 860, 'Exhibition Center', '8647 Derek Avenue');
INSERT INTO `employees` VALUES (1173, 'chenmaolin', 'male      ', 46, 1600, 'Exhibition Center', '30494 Menomonie Terrace');
INSERT INTO `employees` VALUES (1174, 'chenxiaolong', 'male      ', 52, 780, 'Exhibition Center', '52778 Esker Park');
INSERT INTO `employees` VALUES (1175, 'chenyijun', 'male      ', 47, 1160, 'Exhibition Center', '822 Butternut Junction');
INSERT INTO `employees` VALUES (1176, 'chenyong', 'male      ', 34, 740, 'Exhibition Center', '37175 Dapin Street');
INSERT INTO `employees` VALUES (1177, 'chengtianfu', 'male      ', 30, 900, 'Exhibition Center', '4 Weeping Birch Point');
INSERT INTO `employees` VALUES (1178, 'dongzhiqing', 'male      ', 51, 1600, 'Exhibition Center', '9 Hovde Park');
INSERT INTO `employees` VALUES (1179, 'fangyongliang', 'male      ', 56, 740, 'Exhibition Center', '14366 Menomonie Crossing');
INSERT INTO `employees` VALUES (1180, 'gaoqiuxiang', 'male      ', 26, 1860, 'Exhibition Center', '590 Dayton Trail');
INSERT INTO `employees` VALUES (1181, 'hanzhiqing', 'male      ', 46, 900, 'Exhibition Center', '1 Artisan Avenue');
INSERT INTO `employees` VALUES (1182, 'jiangjuhua', 'female    ', 49, 1040, 'Exhibition Center', '97 Toban Place');
INSERT INTO `employees` VALUES (1183, 'kongxiaohong', 'female    ', 49, 740, 'Exhibition Center', '21747 3rd Pass');
INSERT INTO `employees` VALUES (1184, 'liping', 'female    ', 47, 860, 'Exhibition Center', '61819 Granby Court');
INSERT INTO `employees` VALUES (1185, 'luliya', 'female    ', 54, 1600, 'Exhibition Center', '2840 Bashford Terrace');
INSERT INTO `employees` VALUES (1186, 'luoyan', 'female    ', 40, 740, 'Exhibition Center', '91 Bunker Hill Pass');
INSERT INTO `employees` VALUES (1187, 'mayanya', 'female    ', 35, 1600, 'Exhibition Center', '4 Southridge Circle');
INSERT INTO `employees` VALUES (1188, 'pingxiaobing', 'male      ', 45, 1310, 'Exhibition Center', '43 Memorial Lane');
INSERT INTO `employees` VALUES (1189, 'qichunxi', 'male      ', 39, 1600, 'Exhibition Center', '0334 Everett Trail');
INSERT INTO `employees` VALUES (1190, 'shiguirong', 'male      ', 56, 2500, 'Exhibition Center', '406 Dawn Lane');
INSERT INTO `employees` VALUES (1191, 'shiliang', 'male      ', 33, 1650, 'Exhibition Center', '575 North Road');
INSERT INTO `employees` VALUES (1192, 'sunrongtang', 'male      ', 56, 870, 'Exhibition Center', '07 Springview Road');
INSERT INTO `employees` VALUES (1193, 'wangjianmin', 'male      ', 54, 1040, 'Exhibition Center', '19193 Heath Pass');
INSERT INTO `employees` VALUES (1194, 'wangguomin', 'male      ', 50, 1600, 'Exhibition Center', '3 Elgar Way');
INSERT INTO `employees` VALUES (1195, 'wangzhangqing', 'male      ', 56, 1650, 'Exhibition Center', '720 Barnett Plaza');
INSERT INTO `employees` VALUES (1196, 'xudeyong', 'male      ', 47, 1310, 'Exhibition Center', '6 Hanover Street');
INSERT INTO `employees` VALUES (1197, 'xuguixing', 'male      ', 60, 740, 'Exhibition Center', '57233 Rusk Place');
INSERT INTO `employees` VALUES (1198, 'yanglinlin', 'female    ', 42, 940, 'Exhibition Center', '650 Caliangt Circle');
INSERT INTO `employees` VALUES (1199, 'zhangsong', 'male      ', 48, 1310, 'Exhibition Center', '784 Steensland Plaza');
INSERT INTO `employees` VALUES (1200, 'zhaochunrong', 'male      ', 60, 940, 'Exhibition Center', '690 Maple Court');
INSERT INTO `employees` VALUES (1201, 'zhaoyaqin', 'female    ', 41, 1120, 'Exhibition Center', '7 Westport Place');
INSERT INTO `employees` VALUES (1202, 'zhenghuimin', 'female    ', 40, 740, 'Exhibition Center', '1 Oak Valley Road');
INSERT INTO `employees` VALUES (1203, 'zhengmei', 'female    ', 50, 850, 'Exhibition Center', '48840 Farmco Trail');
INSERT INTO `employees` VALUES (1204, 'zhourongquan', 'male      ', 52, 1310, 'Exhibition Center', '5022 John Wall Parkway');
INSERT INTO `employees` VALUES (1205, 'caoguixiang', 'male      ', 57, 1600, 'Support Department', '15284 Pepper Wood Alley');
INSERT INTO `employees` VALUES (1206, 'caolifeng', 'male      ', 41, 1650, 'Support Department', '0662 Dahle Center');
INSERT INTO `employees` VALUES (1207, 'chenjianrong', 'male      ', 56, 870, 'Support Department', '7 Linden Place');
INSERT INTO `employees` VALUES (1208, 'chenyongfu', 'male      ', 56, 1100, 'Support Department', '03821 Oak Circle');
INSERT INTO `employees` VALUES (1209, 'zhehongming', 'male      ', 45, 1600, 'Support Department', '7580 Knutson Hill');
INSERT INTO `employees` VALUES (1210, 'dongdong', 'male      ', 36, 780, 'Support Department', '07645 School Lane');
INSERT INTO `employees` VALUES (1211, 'dongjinrong', 'male      ', 57, 1680, 'Support Department', '189 Eggendart Pass');
INSERT INTO `employees` VALUES (1212, 'gaowenjin', 'male      ', 59, 1600, 'Support Department', '747 Glacier Hill Road');
INSERT INTO `employees` VALUES (1213, 'hanjiancheng', 'male      ', 55, 1170, 'Support Department', '2 Sage Parkway');
INSERT INTO `employees` VALUES (1214, 'huzhihong', 'female    ', 49, 780, 'Support Department', '206 Jackson Court');
INSERT INTO `employees` VALUES (1215, 'huzhiming', 'male      ', 51, 1170, 'Support Department', '2600 Katie Junction');
INSERT INTO `employees` VALUES (1216, 'jinguohua', 'male      ', 55, 1170, 'Support Department', '106 Pepper Wood Pass');
INSERT INTO `employees` VALUES (1217, 'laojianxiang', 'male      ', 52, 870, 'Support Department', '234 Stang Way');
INSERT INTO `employees` VALUES (1218, 'qianweixiang', 'male      ', 46, 860, 'Support Department', '19 Judy Place');
INSERT INTO `employees` VALUES (1219, 'qianyongwei', 'male      ', 37, 980, 'Support Department', '09120 Nancy Place');
INSERT INTO `employees` VALUES (1220, 'shenguixin', 'male      ', 58, 1600, 'Support Department', '427 Prentice Parkway');
INSERT INTO `employees` VALUES (1221, 'shoujing', 'female    ', 52, 870, 'Support Department', '5 Brickson Park Avenue');
INSERT INTO `employees` VALUES (1222, 'weihongli', 'male      ', 50, 1170, 'Support Department', '2 Oneill Place');
INSERT INTO `employees` VALUES (1223, 'xiehong', 'male      ', 54, 1310, 'Support Department', '0 Coleman Junction');
INSERT INTO `employees` VALUES (1224, 'xieluoyi', 'male      ', 70, 1600, 'Support Department', '028 Mccormick Hill');
INSERT INTO `employees` VALUES (1225, 'xuzhiming', 'male      ', 55, 870, 'Support Department', '5746 David Crossing');
INSERT INTO `employees` VALUES (1226, 'zhanghuigen', 'male      ', 55, 940, 'Support Department', '8 Carioca Drive');
INSERT INTO `employees` VALUES (1227, 'zhanghuiqing', 'male      ', 54, 870, 'Support Department', '7 Buena Vista Trail');
INSERT INTO `employees` VALUES (1228, 'zhongbaofu', 'male      ', 62, 1600, 'Support Department', '03 Warbler Lane');
INSERT INTO `employees` VALUES (1229, 'zhoujianjun', 'male      ', 51, 1310, 'Support Department', '0443 Fallview Pass');
INSERT INTO `employees` VALUES (1230, 'fengjianyao', 'male      ', 47, 1470, 'Property Department', '226 Summit Street');
INSERT INTO `employees` VALUES (1231, 'hanwenxiang', 'male      ', 53, 870, 'Property Department', '34064 Corscot Plaza');
INSERT INTO `employees` VALUES (1232, 'huchangming', 'male      ', 53, 870, 'Property Department', '83985 Eagan Parkway');
INSERT INTO `employees` VALUES (1233, 'huzhiguo', 'male      ', 47, 860, 'Property Department', '68 Darwin Terrace');
INSERT INTO `employees` VALUES (1234, 'huangyongneng', 'male      ', 55, 1650, 'Property Department', '6 Hoepker Center');
INSERT INTO `employees` VALUES (1235, 'jinguoliang', 'male      ', 62, 600, 'Property Department', '4711 Oak Valley Place');
INSERT INTO `employees` VALUES (1236, 'jinjijing', 'female    ', 37, 980, 'Property Department', '640 Boyd Center');
INSERT INTO `employees` VALUES (1237, 'liujing', 'female    ', 43, 1650, 'Property Department', '82 Clarendon Hill');
INSERT INTO `employees` VALUES (1238, 'qijun', 'male      ', 49, 870, 'Property Department', '5 Golf Place');
INSERT INTO `employees` VALUES (1239, 'renjingfeng', 'male      ', 49, 1650, 'Property Department', '13 Logan Circle');
INSERT INTO `employees` VALUES (1240, 'sunyuemei', 'female    ', 50, 1860, 'Property Department', '63151 Ilene Point');
INSERT INTO `employees` VALUES (1241, 'wanglinhong', 'female    ', 41, 1100, 'Property Department', '67 Hollow Ridge Circle');
INSERT INTO `employees` VALUES (1242, 'wangchundi', 'female    ', 47, 860, 'Property Department', '59 Thierer Plaza');
INSERT INTO `employees` VALUES (1243, 'wangyonggang', 'male      ', 47, 860, 'Property Department', '730 Blaine Center');
INSERT INTO `employees` VALUES (1244, 'wuwensen', 'male      ', 38, 1470, 'Property Department', '2 Summerview Park');
INSERT INTO `employees` VALUES (1245, 'xuyan', 'female    ', 54, 1310, 'Property Department', '97714 Maywood Point');
INSERT INTO `employees` VALUES (1246, 'yeyongping', 'male      ', 48, 870, 'Property Department', '4 Lindbergh Drive');
INSERT INTO `employees` VALUES (1247, 'zhangxia', 'female    ', 49, 1470, 'Property Department', '1 Vermont Parkway');
INSERT INTO `employees` VALUES (1248, 'zhaozhenjian', 'male      ', 46, 1600, 'Property Department', '41 Bluestem Street');
INSERT INTO `employees` VALUES (1249, 'zhaozhidong', 'male      ', 53, 1600, 'Property Department', '3465 Karstens Trail');
INSERT INTO `employees` VALUES (1250, 'zhaozhiyong', 'male      ', 51, 1600, 'Property Department', '5823 Knutson Junction');
INSERT INTO `employees` VALUES (1251, 'zhumeicheng', 'female    ', 49, 970, 'Property Department', '3 Stoughton Street');
INSERT INTO `employees` VALUES (1252, 'zhuyueming', 'male      ', 55, 850, 'Property Department', '50424 Bonner Parkway');

SET FOREIGN_KEY_CHECKS = 1;
